Date,Open,High,Low,Close,Volume,Value
28/12/2016,4.1,4.1,4.0,4.1,,
29/12/2016,4.1,4.1,4.0,4.1,,
30/12/2016,4.1,4.1,4.0,4.1,,
03/01/2017,4.1,4.1,4.1,4.1,,
04/01/2017,4.1,4.1,4.1,4.1,,
05/01/2017,4.1,4.1,4.1,4.1,,
06/01/2017,4.1,4.1,4.1,4.1,,
09/01/2017,4.1,4.1,4.1,4.1,,
10/01/2017,4.1,4.1,4.1,4.1,,
11/01/2017,4.1,4.1,4.1,4.1,,
12/01/2017,4.1,4.1,4.1,4.1,,
13/01/2017,4.1,4.1,4.1,4.1,,
16/01/2017,4.1,4.1,4.1,4.1,,
17/01/2017,4.1,4.1,4.1,4.1,,
18/01/2017,4.1,4.1,4.1,4.1,,
19/01/2017,4.1,4.1,4.1,4.1,,
20/01/2017,4.1,4.1,4.1,4.1,,
23/01/2017,4.1,4.1,4.1,4.1,,
24/01/2017,4.1,4.1,4.1,4.1,,
25/01/2017,4.1,4.1,4.1,4.1,,
26/01/2017,4.1,4.1,4.1,4.1,,
27/01/2017,4.1,4.1,4.1,4.1,,
30/01/2017,4.1,4.1,4.1,4.1,,
31/01/2017,4.1,4.1,4.1,4.1,,
01/02/2017,4.1,4.1,4.1,4.1,,
02/02/2017,4.1,4.1,4.1,4.1,,
03/02/2017,4.1,4.1,4.1,4.1,,
06/02/2017,4.1,4.1,4.1,4.1,,
07/02/2017,4.1,4.1,4.1,4.1,,
08/02/2017,4.1,4.1,4.1,4.1,,
09/02/2017,4.1,4.1,4.1,4.1,,
10/02/2017,4.1,4.1,4.1,4.1,,
13/02/2017,4.1,4.1,4.1,4.1,,
14/02/2017,4.1,4.1,4.1,4.1,,
15/02/2017,4.1,4.1,4.1,4.1,,
16/02/2017,4.1,4.1,4.1,4.1,,
17/02/2017,4.1,4.1,4.1,4.1,,
20/02/2017,4.1,4.1,4.1,4.1,,
21/02/2017,4.1,4.1,4.1,4.1,,
22/02/2017,4.1,4.1,4.1,4.1,300.0,
23/02/2017,4.1,4.1,4.1,4.1,,
24/02/2017,4.1,4.1,4.1,4.1,,
27/02/2017,4.1,4.1,4.1,4.1,700.0,
28/02/2017,4.1,4.1,4.1,4.1,100.0,
01/03/2017,4.1,4.1,4.1,4.1,,
02/03/2017,4.1,4.1,4.1,4.1,,
03/03/2017,4.1,4.1,4.1,4.1,,
07/03/2017,4.1,4.1,4.1,4.1,,
08/03/2017,4.1,4.1,4.1,4.1,,
09/03/2017,4.1,4.1,4.1,4.1,,
10/03/2017,4.1,4.1,4.1,4.1,,
13/03/2017,4.1,4.1,4.1,4.1,200.0,
14/03/2017,4.1,4.1,4.1,4.1,200.0,
15/03/2017,4.1,4.1,4.1,4.1,,
16/03/2017,4.1,4.1,4.1,4.1,,
17/03/2017,4.1,4.1,4.1,4.1,,
20/03/2017,4.1,4.1,4.1,4.1,,
21/03/2017,4.1,4.1,4.1,4.1,,
22/03/2017,4.1,4.1,4.1,4.1,,
23/03/2017,4.1,4.1,4.1,4.1,,
24/03/2017,4.1,4.1,4.1,4.1,,
27/03/2017,4.1,4.1,4.1,4.1,,
28/03/2017,4.1,4.1,4.1,4.1,,
29/03/2017,4.1,4.1,4.1,4.1,,
30/03/2017,4.1,4.1,4.1,4.1,,
31/03/2017,4.1,4.1,4.1,4.1,,
03/04/2017,4.1,4.1,4.1,4.1,,
04/04/2017,4.1,4.1,4.1,4.1,,
05/04/2017,4.1,4.1,4.1,4.1,,
06/04/2017,4.1,4.1,4.1,4.1,,
07/04/2017,4.1,4.1,4.1,4.1,,
10/04/2017,4.1,4.1,3.9,3.9,200.0,
11/04/2017,4.1,4.1,3.9,3.9,800.0,
12/04/2017,3.9,4.1,3.9,3.9,,
13/04/2017,3.9,4.1,3.9,3.9,,
18/04/2017,3.9,4.1,3.9,3.9,,
19/04/2017,3.9,4.1,3.9,3.9,,
20/04/2017,3.9,4.1,3.9,3.9,,
21/04/2017,3.9,4.1,3.9,3.9,,
24/04/2017,3.9,4.1,3.9,3.9,,
25/04/2017,3.9,4.1,3.9,3.9,,
26/04/2017,3.9,4.1,3.9,3.9,,
27/04/2017,3.9,4.1,3.9,4.0,24600.0,
28/04/2017,4.0,4.1,3.9,4.0,,
02/05/2017,4.0,4.1,3.9,4.0,,
03/05/2017,4.0,4.1,3.9,4.0,200.0,
04/05/2017,4.0,4.1,3.9,4.0,,
05/05/2017,4.0,4.1,3.9,4.0,,
08/05/2017,4.0,4.1,3.9,4.0,,
09/05/2017,4.0,4.1,3.9,4.0,,
10/05/2017,4.0,4.1,3.9,4.0,,
11/05/2017,4.0,4.1,3.9,4.0,24600.0,
12/05/2017,4.0,4.1,3.9,4.0,,
15/05/2017,4.0,4.1,3.9,4.0,,
16/05/2017,4.0,4.1,3.9,4.0,100.0,
17/05/2017,4.0,4.1,3.9,4.0,,
18/05/2017,4.0,4.1,3.9,4.0,,
19/05/2017,4.0,4.1,3.9,4.0,,
22/05/2017,4.0,4.1,3.9,4.0,,
23/05/2017,4.0,4.1,3.9,4.0,,
24/05/2017,4.0,4.1,3.9,4.0,,
26/05/2017,4.0,4.1,3.9,4.0,,
29/05/2017,4.0,4.1,3.9,4.0,,
30/05/2017,4.0,4.1,3.9,4.0,,
31/05/2017,4.0,4.1,3.9,4.0,,
01/06/2017,4.0,4.1,3.9,4.0,,
02/06/2017,4.0,4.1,3.9,4.0,,
05/06/2017,4.0,4.1,3.9,4.0,,
06/06/2017,4.0,4.1,3.8,3.8,100.0,
07/06/2017,3.8,4.1,3.8,3.8,,
08/06/2017,3.8,4.1,3.8,3.8,,
09/06/2017,3.8,4.1,3.8,3.8,,
12/06/2017,3.8,4.1,3.8,3.8,,
13/06/2017,3.8,4.1,3.8,3.8,,
14/06/2017,3.8,4.1,3.8,3.8,500.0,
15/06/2017,3.8,4.1,3.8,3.8,,
16/06/2017,3.8,4.1,3.8,4.0,10300.0,
19/06/2017,3.8,4.1,3.8,4.0,,
20/06/2017,3.8,4.1,3.8,4.0,,
21/06/2017,3.8,4.1,3.8,4.0,,
22/06/2017,3.8,4.1,3.8,4.0,,
23/06/2017,3.8,4.1,3.8,4.0,,
27/06/2017,3.8,4.1,3.8,3.8,100.0,
28/06/2017,3.8,4.1,3.8,3.8,,
29/06/2017,3.8,4.1,3.8,3.8,,
30/06/2017,3.8,4.1,3.8,3.8,,
04/07/2017,3.8,4.1,3.8,3.8,,
05/07/2017,3.8,4.1,3.8,3.8,,
06/07/2017,3.8,4.1,3.8,3.8,,
07/07/2017,3.8,4.1,3.8,3.8,,
10/07/2017,3.8,4.1,3.8,3.8,,
11/07/2017,3.8,4.1,3.8,3.98,5700.0,
12/07/2017,3.98,4.1,3.8,3.98,,
13/07/2017,3.98,4.1,3.8,3.98,,
14/07/2017,3.98,4.1,3.8,3.98,,
17/07/2017,3.98,4.1,3.8,3.98,,
18/07/2017,3.98,4.1,3.8,3.98,,
19/07/2017,3.98,4.1,3.8,3.98,,
20/07/2017,3.98,4.1,3.8,3.98,,
21/07/2017,3.98,4.1,3.8,4.0,4200.0,
24/07/2017,4.0,4.1,3.8,4.0,,
25/07/2017,4.0,4.1,3.8,4.0,,
26/07/2017,4.0,4.1,3.8,4.0,,
27/07/2017,4.0,4.1,3.8,4.0,,
28/07/2017,4.0,4.1,3.8,4.0,,
31/07/2017,4.0,4.1,3.8,4.0,,
01/08/2017,4.0,4.1,3.8,4.0,,
02/08/2017,4.0,4.1,3.8,4.0,700.0,
03/08/2017,4.0,4.1,3.8,4.0,,
04/08/2017,4.0,4.1,3.8,4.0,100.0,
07/08/2017,4.0,4.1,3.8,4.0,,
08/08/2017,4.0,4.1,3.8,4.0,300.0,
09/08/2017,4.0,4.1,3.8,4.0,,
10/08/2017,4.0,4.1,3.8,4.0,,
11/08/2017,4.0,4.1,3.8,4.0,,
14/08/2017,4.0,4.1,3.8,4.0,,
15/08/2017,4.0,4.1,3.5,3.5,100.0,
16/08/2017,3.5,4.1,3.5,3.5,,
17/08/2017,3.5,4.1,3.5,3.5,,
18/08/2017,3.5,4.1,3.5,3.5,300.0,
21/08/2017,3.5,4.1,3.5,4.0,1000.0,
22/08/2017,4.0,4.1,3.5,4.0,,
23/08/2017,4.0,4.1,3.5,4.0,,
24/08/2017,4.0,4.1,3.5,4.0,,
25/08/2017,4.0,4.1,3.5,4.0,,
28/08/2017,4.0,4.1,3.5,4.0,,
29/08/2017,4.0,4.1,3.5,4.0,25000.0,
30/08/2017,4.0,4.1,3.5,4.0,,
31/08/2017,4.0,4.1,3.5,4.0,,
04/09/2017,4.0,4.1,3.5,4.0,,
05/09/2017,4.0,4.1,3.5,4.0,,
06/09/2017,4.0,4.1,3.5,4.0,,
07/09/2017,4.0,4.1,3.5,4.0,,
08/09/2017,4.0,4.1,3.5,4.0,,
11/09/2017,4.0,4.1,3.5,4.0,,
12/09/2017,4.0,4.1,3.5,4.0,,
13/09/2017,4.0,4.1,3.5,4.0,,
14/09/2017,4.0,4.1,3.5,4.0,,
15/09/2017,4.0,4.1,3.5,4.0,,
18/09/2017,4.0,4.1,3.5,4.0,,
19/09/2017,4.0,4.1,3.5,4.0,,
20/09/2017,4.0,4.1,3.5,4.0,,
22/09/2017,4.0,4.1,3.5,4.0,,
25/09/2017,4.0,4.1,3.4,3.4,100.0,
26/09/2017,3.4,4.1,3.4,3.4,,
27/09/2017,3.4,4.1,3.4,3.4,,
28/09/2017,3.4,4.1,3.4,3.4,,
29/09/2017,3.4,4.1,3.4,3.4,,
02/10/2017,3.4,4.1,3.4,3.9,100.0,
03/10/2017,3.9,4.1,3.4,4.0,800.0,
04/10/2017,3.9,4.1,3.4,4.0,,
05/10/2017,4.0,4.1,3.4,3.4,300.0,
06/10/2017,3.4,4.1,3.4,3.4,2200.0,
09/10/2017,3.4,4.1,3.4,3.4,,
10/10/2017,3.4,4.1,3.4,3.4,,
11/10/2017,3.4,4.1,3.4,3.4,,
12/10/2017,3.4,4.1,3.4,3.4,,
13/10/2017,3.4,4.1,3.4,3.4,,
16/10/2017,3.4,4.1,3.4,3.4,,
17/10/2017,3.4,4.1,3.4,3.91,100.0,
18/10/2017,3.91,4.1,3.4,3.91,,
19/10/2017,3.91,4.1,3.4,3.91,,
20/10/2017,3.91,4.1,3.4,3.91,,
23/10/2017,3.91,4.1,3.4,3.91,,
24/10/2017,3.91,4.1,3.4,3.91,,
25/10/2017,3.91,4.1,3.4,3.91,,
26/10/2017,3.91,4.1,3.4,3.91,,
27/10/2017,3.91,4.1,3.4,3.91,,
30/10/2017,3.91,4.1,3.4,3.91,,
31/10/2017,3.91,4.1,3.4,3.91,,
01/11/2017,3.91,4.1,3.4,3.91,,
02/11/2017,3.91,4.1,3.4,3.91,,
03/11/2017,3.91,4.1,3.4,3.91,,
06/11/2017,3.91,4.1,3.4,3.91,,
07/11/2017,3.91,4.1,3.4,3.91,,
08/11/2017,3.91,4.1,3.4,3.91,,
09/11/2017,3.91,4.1,3.4,3.91,,
10/11/2017,3.91,4.1,3.4,3.4,1200.0,
13/11/2017,3.4,4.1,3.4,3.4,2000.0,
14/11/2017,3.4,4.1,3.4,3.4,,
15/11/2017,3.4,4.1,3.4,3.4,,
16/11/2017,3.4,4.1,3.4,3.4,,
17/11/2017,3.4,4.1,3.4,3.57,300.0,
20/11/2017,3.57,4.1,3.4,4.0,100.0,
21/11/2017,4.0,4.1,3.4,4.0,,
22/11/2017,4.0,4.1,3.4,4.0,,
23/11/2017,4.0,4.1,3.4,4.0,,
24/11/2017,4.0,4.1,3.4,4.0,,
27/11/2017,4.0,4.1,3.4,4.0,,
28/11/2017,4.0,4.1,3.4,4.0,,
29/11/2017,4.0,4.1,3.4,4.0,,
30/11/2017,4.0,4.1,3.4,4.0,,
04/12/2017,4.0,4.1,3.4,4.0,,
05/12/2017,4.0,4.1,3.4,3.4,200.0,
06/12/2017,3.4,4.1,3.4,3.4,100.0,
07/12/2017,3.4,4.1,3.4,3.4,,
08/12/2017,3.4,4.1,3.4,3.83,1000.0,
11/12/2017,3.83,4.1,3.4,3.83,,
12/12/2017,3.83,4.1,3.4,3.83,,
13/12/2017,3.83,4.1,3.4,4.0,100.0,
14/12/2017,4.0,4.1,3.4,4.0,,
15/12/2017,4.0,4.1,3.4,4.0,,
18/12/2017,4.0,4.1,3.4,4.0,,
19/12/2017,4.0,4.1,3.4,4.0,,
20/12/2017,4.0,4.1,3.4,4.0,,
21/12/2017,4.0,4.1,3.4,4.05,200.0,
21/12/2017,4.05,4.1,3.4,4.05,,
27/12/2017,4.05,4.1,3.4,4.05,,
28/12/2017,4.05,4.1,3.4,4.05,,
29/12/2017,4.05,4.1,3.4,4.05,,
02/01/2018,4.05,4.05,4.05,4.05,,
03/01/2018,4.05,4.05,4.05,4.05,,
04/01/2018,4.05,4.05,4.05,4.05,,
05/01/2018,4.05,4.05,4.05,4.05,,
08/01/2018,4.05,4.05,4.05,4.05,,
09/01/2018,4.05,4.05,3.55,3.5,100.0,
10/01/2018,3.5,4.05,3.55,3.5,,
11/01/2018,3.5,4.05,3.55,3.8,200.0,
12/01/2018,3.8,4.05,3.55,3.8,5900.0,
15/01/2018,3.8,4.05,3.55,3.8,,
16/01/2018,3.8,4.05,3.55,3.8,,
17/01/2018,3.8,4.05,3.55,3.8,300.0,
18/01/2018,3.8,4.05,3.55,3.8,,
19/01/2018,3.8,4.05,3.55,3.8,200.0,
22/01/2018,3.8,4.05,3.55,3.8,,
23/01/2018,3.8,4.05,3.55,3.8,,
24/01/2018,3.8,4.05,3.55,3.8,,
25/01/2018,3.8,4.05,3.55,3.81,1100.0,
26/01/2018,3.81,4.05,3.55,3.81,,
29/01/2018,3.81,4.05,3.5,3.7,2000.0,
30/01/2018,3.7,4.05,3.5,3.7,,
31/01/2018,3.7,4.05,3.5,3.5,100.0,
01/02/2018,3.5,4.05,3.5,3.5,,
02/02/2018,3.5,4.05,3.5,3.5,4000.0,
05/02/2018,3.5,4.05,3.5,3.5,100.0,
06/02/2018,3.5,4.05,3.5,3.5,,
07/02/2018,3.5,4.05,3.5,3.85,100.0,
08/02/2018,3.85,4.05,3.5,3.85,,
09/02/2018,3.85,4.05,3.5,3.85,,
12/02/2018,3.85,4.05,3.5,3.85,,
13/02/2018,3.85,4.05,3.5,3.85,,
14/02/2018,3.85,4.05,3.5,3.85,,
15/02/2018,3.85,4.05,3.5,3.87,1600.0,
16/02/2018,3.87,4.05,3.5,3.87,,
19/02/2018,3.87,4.05,3.5,3.87,,
20/02/2018,3.87,4.05,3.5,3.85,100.0,
21/02/2018,3.85,4.05,3.5,3.85,,
22/02/2018,3.85,4.05,3.5,3.85,,
23/02/2018,3.85,4.05,3.5,3.8,300.0,
26/02/2018,3.8,4.05,3.5,3.8,95000.0,
27/02/2018,3.8,4.05,3.5,3.8,,
28/02/2018,3.8,4.05,3.5,4.0,100.0,
01/03/2018,4.0,4.05,3.5,4.0,,
02/03/2018,4.0,4.05,3.5,4.0,,
05/03/2018,4.0,4.05,3.5,4.0,,
07/03/2018,4.0,4.05,3.5,4.0,,
08/03/2018,4.0,4.05,3.5,4.0,,
09/03/2018,4.0,4.05,3.5,4.0,,
12/03/2018,4.0,4.05,3.5,4.0,,
13/03/2018,4.0,4.05,3.5,4.0,,
14/03/2018,4.0,4.05,3.5,4.0,,
15/03/2018,4.0,4.05,3.5,4.0,,
16/03/2018,4.0,4.05,3.5,4.0,,
19/03/2018,4.0,4.05,3.5,3.5,12200.0,
20/03/2018,3.5,4.05,3.5,3.8,400.0,
21/03/2018,3.8,4.05,3.5,4.0,200.0,
22/03/2018,4.0,4.05,3.5,4.0,,
23/03/2018,4.0,4.05,3.5,3.53,2000.0,
26/03/2018,3.53,4.05,3.5,3.5,1500.0,
27/03/2018,3.5,4.05,3.5,3.5,800.0,
28/03/2018,3.5,4.05,3.5,3.8,100.0,
29/03/2018,3.5,4.05,3.5,3.6,800.0,
03/04/2018,3.6,4.05,3.5,3.6,,
04/04/2018,3.6,4.05,3.5,3.6,,
05/04/2018,3.6,4.05,3.5,3.6,2400.0,
06/04/2018,3.6,4.05,3.5,3.6,1100.0,
09/04/2018,3.6,4.05,3.5,3.6,,
10/04/2018,3.6,4.05,3.5,3.6,,
11/04/2018,3.6,4.05,3.5,3.6,,
12/04/2018,3.6,4.05,3.5,3.6,,
13/04/2018,3.6,4.05,3.5,3.6,,
16/04/2018,3.6,4.05,3.5,3.6,,
17/04/2018,3.6,4.05,3.5,3.6,,
18/04/2018,3.6,4.05,3.5,3.6,,
19/04/2018,3.6,4.05,3.5,3.6,,
20/04/2018,3.6,4.05,3.5,4.0,100.0,
23/04/2018,4.0,4.05,3.5,4.0,,
24/04/2018,4.0,4.05,3.5,4.0,,
25/04/2018,4.0,4.05,3.5,4.0,,
26/04/2018,4.0,4.05,3.5,4.0,,
27/04/2018,4.0,4.05,3.5,4.0,,
30/04/2018,4.0,4.05,3.5,4.0,,
02/05/2018,4.0,4.05,3.5,4.0,,
03/05/2018,4.0,4.05,3.5,4.0,,
04/05/2018,4.0,4.05,3.5,4.0,,
07/05/2018,4.0,4.05,3.5,4.0,,
08/05/2018,4.0,4.05,3.5,4.0,,
09/05/2018,4.0,4.05,3.5,4.0,,
10/05/2018,4.0,4.05,3.5,4.0,65200.0,
11/05/2018,4.0,4.05,3.5,4.0,,
14/05/2018,4.0,4.05,3.5,4.0,,
15/05/2018,4.0,4.05,3.5,4.0,,
16/05/2018,4.0,4.05,3.5,4.0,,
17/05/2018,4.0,4.05,3.5,4.0,100.0,
18/05/2018,4.0,4.05,3.5,4.0,100.0,
21/05/2018,4.0,4.05,3.5,4.0,,
22/05/2018,4.0,4.05,3.5,4.0,,
23/05/2018,4.0,4.05,3.5,4.0,,
24/05/2018,4.0,4.05,3.5,4.0,,
28/05/2018,4.0,4.05,3.5,4.0,,
29/05/2018,4.0,4.05,3.5,4.0,,
30/05/2018,4.0,4.05,3.5,4.0,,
31/05/2018,4.0,4.05,3.5,4.0,,
01/06/2018,4.0,4.05,3.5,4.0,,
04/06/2018,4.0,4.05,3.5,4.0,,
05/06/2018,4.0,4.05,3.5,3.5,200.0,
06/06/2018,3.5,4.05,3.5,3.5,,
07/06/2018,3.5,4.05,3.5,3.5,,
08/06/2018,3.5,4.05,3.5,3.58,600.0,
11/06/2018,3.58,4.05,3.4,3.4,100.0,
12/06/2018,3.4,4.05,3.4,3.4,,
13/06/2018,3.4,4.05,3.4,3.4,64800.0,
14/06/2018,3.4,4.05,3.4,3.4,,
18/06/2018,3.4,4.05,3.4,3.4,,
19/06/2018,3.4,4.05,3.4,3.9,100.0,
20/06/2018,3.4,4.05,3.4,3.9,100.0,
21/06/2018,3.9,4.05,3.4,4.0,50000.0,
22/06/2018,4.0,4.05,3.4,4.0,,
25/06/2018,4.0,4.05,3.4,4.0,,
26/06/2018,4.0,4.05,3.4,4.0,,
27/06/2018,4.0,4.05,3.4,4.0,,
28/06/2018,4.0,4.05,3.4,4.0,,
29/06/2018,4.0,4.05,3.4,4.0,,
03/07/2018,4.0,4.05,3.4,4.0,,
04/07/2018,4.0,4.05,3.4,4.0,200100.0,
05/07/2018,4.0,4.05,3.4,4.0,,
06/07/2018,4.0,4.05,3.4,4.0,,
09/07/2018,4.0,4.05,3.4,4.0,,
10/07/2018,4.0,4.05,3.4,4.0,,
11/07/2018,4.0,4.05,3.4,3.97,3100.0,
12/07/2018,3.97,4.05,3.4,3.97,,
13/07/2018,3.97,4.05,3.4,3.97,,
16/07/2018,3.97,4.05,3.4,3.97,,
17/07/2018,3.97,4.05,3.4,3.97,,
18/07/2018,3.97,4.05,3.4,3.97,,
19/07/2018,3.97,4.05,3.4,3.97,,
20/07/2018,3.97,4.05,3.4,3.97,,
23/07/2018,3.97,4.05,3.4,3.97,,
24/07/2018,3.97,4.05,3.4,3.97,,
25/07/2018,3.97,4.05,3.4,3.97,,
26/07/2018,3.97,4.05,3.4,3.97,,
27/07/2018,3.97,4.05,3.4,3.98,100.0,
30/07/2018,3.98,4.05,3.4,3.98,,
31/07/2018,3.98,4.05,3.4,3.98,,
01/08/2018,3.98,4.05,3.4,3.98,,
02/08/2018,3.98,4.05,3.4,3.98,,
03/08/2018,3.98,4.05,3.4,3.98,,
06/08/2018,3.98,4.05,3.4,3.98,,
07/08/2018,3.98,4.05,3.4,3.98,,
08/08/2018,3.98,4.05,3.4,3.98,,
09/08/2018,3.98,4.05,3.4,3.98,,
10/08/2018,3.98,4.05,3.4,3.98,5100.0,
13/08/2018,3.98,4.05,3.4,3.5,200.0,
14/08/2018,3.5,4.05,3.4,3.5,,
15/08/2018,3.5,4.05,3.4,3.5,100.0,
16/08/2018,3.5,4.05,3.4,3.5,,
17/08/2018,3.5,4.05,3.4,3.5,,
20/08/2018,3.5,4.05,3.4,3.5,,
22/08/2018,3.5,4.05,3.4,3.8,800.0,
23/08/2018,3.8,4.05,3.4,3.8,,
24/08/2018,3.8,4.05,3.4,3.8,,
27/08/2018,3.8,4.05,3.4,3.8,,
28/08/2018,3.8,4.05,3.4,3.8,,
29/08/2018,3.8,4.05,3.4,3.8,,
30/08/2018,3.8,4.05,3.4,3.4,500.0,
31/08/2018,3.4,4.05,3.4,3.91,500.0,
03/09/2018,3.91,4.05,3.4,3.91,,
04/09/2018,3.91,4.05,3.4,3.91,,
05/09/2018,3.91,4.05,3.4,3.8,100.0,
06/09/2018,3.8,4.05,3.4,3.8,,
07/09/2018,3.8,4.05,3.4,3.8,,
10/09/2018,3.8,4.05,3.4,3.8,,
11/09/2018,3.8,4.05,3.4,3.8,,
12/09/2018,3.8,4.05,3.4,3.8,,
13/09/2018,3.8,4.05,3.4,3.8,,
14/09/2018,3.8,4.05,3.4,3.8,,
17/09/2018,3.8,4.05,3.4,3.8,,
18/09/2018,3.8,4.05,3.4,3.8,,
19/09/2018,3.8,4.05,3.4,3.8,,
20/09/2018,3.8,4.05,3.4,3.8,,
24/09/2018,3.8,4.05,3.4,3.8,,
25/09/2018,3.8,4.05,3.4,3.8,,
26/09/2018,3.8,4.05,3.4,3.8,,
27/09/2018,3.8,4.05,3.4,3.6,100.0,
28/09/2018,3.6,4.05,3.4,3.6,,
01/10/2018,3.6,4.05,3.4,3.6,,
02/10/2018,3.6,4.05,3.4,3.6,,
03/10/2018,3.6,4.05,3.4,3.6,,
04/10/2018,3.6,4.05,3.4,3.4,40800.0,
05/10/2018,3.4,4.05,3.4,3.4,300.0,
08/10/2018,3.4,4.05,3.4,3.4,,
09/10/2018,3.4,4.05,3.4,3.4,,
10/10/2018,3.4,4.05,3.4,3.4,200.0,
11/10/2018,3.4,4.05,3.4,3.4,,
12/10/2018,3.4,4.05,3.13,3.13,1200.0,
15/10/2018,3.13,4.05,3.13,3.13,,
16/10/2018,3.13,4.05,3.13,3.13,,
17/10/2018,3.13,4.05,3.13,3.6,100.0,
18/10/2018,3.6,4.05,3.1,3.1,98000.0,
19/10/2018,3.1,4.05,3.1,3.1,3000.0,
22/10/2018,3.1,4.05,3.1,3.1,,
23/10/2018,3.1,4.05,3.1,3.1,,
24/10/2018,3.1,4.05,3.09,3.09,500.0,
24/10/2018,3.09,4.05,3.09,3.09,,
26/10/2018,3.09,4.05,3.0,3.0,300.0,
29/10/2018,3.0,4.05,3.0,3.01,800.0,
30/10/2018,3.01,4.05,3.0,3.4,200.0,
31/10/2018,3.4,4.05,3.0,3.0,600.0,
01/11/2018,3.0,4.05,3.0,3.0,,
02/11/2018,3.0,4.05,3.0,3.0,,
05/11/2018,3.0,4.05,3.0,3.4,100.0,
06/11/2018,3.4,4.05,3.0,3.4,,
07/11/2018,3.4,4.05,3.0,3.4,,
08/11/2018,3.4,4.05,3.0,3.4,,
09/11/2018,3.4,4.05,3.0,3.4,,
12/11/2018,3.4,4.05,3.0,3.4,,
13/11/2018,3.4,4.05,3.0,3.9,100.0,
14/11/2018,3.9,4.05,3.0,3.9,,
15/11/2018,3.9,4.05,3.0,3.9,,
16/11/2018,3.9,4.05,3.0,3.9,,
19/11/2018,3.9,4.05,3.0,3.9,,
20/11/2018,3.9,4.05,3.0,3.9,,
21/11/2018,3.9,4.05,3.0,3.9,,
22/11/2018,3.9,4.05,3.0,3.9,,
23/11/2018,3.9,4.05,3.0,3.9,,
26/11/2018,3.9,4.05,3.0,4.08,25000.0,101920.0
27/11/2018,4.08,4.05,3.0,4.08,,
28/11/2018,4.08,4.05,3.0,4.08,,
29/11/2018,4.08,4.05,3.0,4.08,,
30/11/2018,4.08,4.05,3.0,4.08,,
03/12/2018,4.08,4.05,3.0,4.08,,
04/12/2018,4.08,4.05,3.0,4.08,,
05/12/2018,4.08,4.14,3.0,4.14,3200.0,13259.0
06/12/2018,4.14,4.14,3.0,4.14,,
10/12/2018,4.14,4.14,3.0,4.14,,
11/12/2018,4.14,4.14,3.0,4.14,,
12/12/2018,4.14,4.14,3.0,3.55,1800.0,6390.0
13/12/2018,3.55,4.14,3.0,3.55,,
14/12/2018,3.55,4.14,3.0,3.55,,
17/12/2018,3.55,4.14,3.0,3.55,,
18/12/2018,3.55,4.14,3.0,3.55,5600.0,19880.0
19/12/2018,3.55,4.14,3.0,3.55,,
20/12/2018,3.55,4.14,3.0,3.55,,
21/12/2018,3.55,4.14,3.0,3.55,1500.0,5325.0
24/12/2018,3.55,4.14,3.0,3.55,,
27/12/2018,3.55,4.14,3.0,3.55,,
28/12/2018,3.55,4.14,,3.55,,
31/12/2018,3.55,4.14,3.0,3.55,,
02/01/2019,3.55,3.55,3.55,3.55,,
03/01/2019,3.55,3.55,3.55,3.55,,
04/01/2019,3.55,3.55,3.55,3.55,200.0,710.0
08/01/2019,3.55,3.55,3.55,3.55,,
09/01/2019,3.55,3.55,3.55,3.55,,
10/01/2019,3.55,3.55,3.55,3.55,,
11/01/2019,3.55,3.55,3.55,3.55,,
14/01/2019,3.55,3.55,3.02,3.02,100.0,302.0
15/01/2019,3.02,3.55,3.02,3.02,,
16/01/2019,3.02,3.55,3.02,3.47,200.0,694.0
17/01/2019,3.47,3.55,3.02,3.47,,
18/01/2019,3.47,3.55,3.02,3.02,5000.0,15100.0
21/01/2019,3.02,3.55,3.02,3.02,,
22/01/2019,3.02,3.55,3.02,3.2,200.0,640.0
23/01/2019,3.2,3.55,3.02,3.2,,
24/01/2019,3.2,3.55,3.02,3.2,,
25/01/2019,3.2,3.55,3.02,3.02,1600.0,4832.0
28/01/2019,3.02,3.55,3.02,3.02,,
29/01/2019,3.02,3.55,3.02,3.02,,
30/01/2019,3.02,3.55,3.02,3.02,,
31/01/2019,3.02,3.55,3.02,3.02,,
01/02/2019,3.02,3.55,3.02,3.02,,
04/02/2019,3.02,3.55,3.0,3.0,3100.0,9300.0
05/02/2019,3.0,3.55,3.0,3.0,500.0,1500.0
06/02/2019,3.0,3.55,3.0,3.4,200.0,680.0
07/02/2019,3.4,3.55,3.0,3.4,,
08/02/2019,3.4,3.55,3.0,3.4,,
11/02/2019,3.4,3.55,3.0,3.4,,
12/02/2019,3.4,3.55,3.0,3.4,,
13/02/2019,3.4,3.55,3.0,3.4,,
14/02/2019,3.4,3.55,3.0,3.4,,
15/02/2019,3.4,3.55,3.0,3.4,,
18/02/2019,3.4,3.55,3.0,3.4,,
19/02/2019,3.4,3.55,3.0,3.4,,
20/02/2019,3.4,3.55,3.0,3.4,,
21/02/2019,3.4,3.55,3.0,3.4,,
22/02/2019,3.4,3.8,3.0,3.8,200.0,760.0
25/02/2019,3.8,3.8,3.0,3.8,,
26/02/2019,3.8,3.8,3.0,3.8,,
27/02/2019,3.8,3.8,3.0,3.8,,
28/02/2019,3.8,3.8,3.0,3.8,,
01/03/2019,3.8,3.8,3.0,3.8,,
04/03/2019,3.8,3.8,3.0,3.8,,
05/03/2019,3.8,3.8,3.0,3.8,,
07/03/2019,3.8,3.8,3.0,3.8,,
08/03/2019,3.8,3.8,3.0,3.8,,
11/03/2019,3.8,3.8,3.0,3.8,,
12/03/2019,3.8,3.8,3.0,3.8,,
13/03/2019,3.8,3.8,3.0,3.8,,
14/03/2019,3.8,3.8,3.0,3.8,200.0,760.0
15/03/2019,3.8,4.0,3.0,4.0,200.0,800.0
18/03/2019,4.0,4.0,3.0,4.0,,
19/03/2019,4.0,4.0,3.0,4.0,,
20/03/2019,4.0,4.0,3.0,4.0,,
21/03/2019,4.0,4.0,3.0,4.0,,
22/03/2019,4.0,4.0,3.0,4.0,,
25/03/2019,4.0,4.0,3.0,4.0,,
26/03/2019,4.0,4.0,3.0,4.0,,
27/03/2019,4.0,4.0,3.0,4.0,,
28/03/2019,4.0,4.0,3.0,4.0,,
29/03/2019,4.0,4.0,3.0,4.0,,
01/04/2019,4.0,4.0,3.0,4.0,,
02/04/2019,4.0,4.0,3.0,4.0,,
03/04/2019,4.0,4.0,3.0,4.0,,
04/04/2019,4.0,4.0,3.0,4.0,,
05/04/2019,4.0,4.0,3.0,4.0,,
08/04/2019,4.0,4.0,3.0,4.0,,
09/04/2019,4.0,4.0,3.0,4.0,,
10/04/2019,4.0,4.0,3.0,4.0,,
11/04/2019,4.0,4.0,3.0,4.0,,
12/04/2019,4.0,4.0,3.0,4.0,,
15/04/2019,4.0,4.0,3.0,4.0,,
16/04/2019,4.0,4.0,3.0,4.0,,
17/04/2019,4.0,4.0,3.0,4.0,,
18/04/2019,4.0,4.0,3.0,4.0,,
23/04/2019,4.0,4.0,3.0,4.0,,
24/04/2019,4.0,4.0,3.0,4.0,,
25/04/2019,4.0,4.0,3.0,4.0,,
26/04/2019,4.0,4.0,3.0,4.0,,
29/04/2019,4.0,4.0,3.0,4.0,,
30/04/2019,4.0,4.0,3.0,4.0,,
02/05/2019,4.0,4.0,3.0,4.0,,
03/05/2019,4.0,4.0,3.0,4.0,,
06/05/2019,4.0,4.0,3.0,4.0,,
07/05/2019,4.0,4.0,3.0,4.0,,
08/05/2019,4.0,4.0,3.0,4.0,,
09/05/2019,4.0,4.0,3.0,4.0,,
10/05/2019,4.0,4.0,3.0,4.0,,
13/05/2019,4.0,4.0,3.0,4.0,,
14/05/2019,4.0,4.0,3.0,4.0,,
15/05/2019,4.0,4.0,3.0,4.0,,
16/05/2019,4.0,4.0,3.0,4.0,,
17/05/2019,4.0,4.0,3.0,4.0,,
20/05/2019,4.0,4.0,3.0,4.0,,
21/05/2019,4.0,4.0,3.0,4.0,,
22/05/2019,4.0,4.0,3.0,4.0,,
23/05/2019,4.0,4.0,3.0,4.0,,
24/05/2019,4.0,4.0,3.0,4.0,,
27/05/2019,4.0,4.0,3.0,4.0,,
28/05/2019,4.0,4.0,3.0,4.0,,
29/05/2019,4.0,4.0,3.0,4.0,,
30/05/2019,4.0,4.0,3.0,4.0,,
31/05/2019,4.0,4.0,3.0,4.0,,
03/06/2019,4.0,4.0,3.0,4.0,,
04/06/2019,4.0,4.0,3.0,4.0,,
06/06/2019,4.0,4.0,3.0,4.0,,
07/06/2019,4.0,4.0,3.0,4.0,2500.0,10000.0
10/06/2019,4.0,4.0,3.0,4.0,,
11/06/2019,4.0,4.0,3.0,3.4,500.0,1700.0
12/06/2019,3.4,4.0,3.0,3.4,,
13/06/2019,3.4,4.0,3.0,3.4,,
14/06/2019,3.4,4.0,3.0,3.4,,
17/06/2019,3.4,4.0,3.0,3.4,,
18/06/2019,3.4,4.0,3.0,3.4,,
19/06/2019,3.4,4.0,3.0,3.4,,
20/06/2019,3.4,4.0,3.0,3.0,100.0,300.0
21/06/2019,3.0,4.0,3.0,3.0,,
24/06/2019,3.0,4.0,3.0,3.0,400.0,1200.0
25/06/2019,3.0,4.0,3.0,3.3,400.0,1320.0
26/06/2019,3.3,4.0,3.0,3.0,3000.0,9000.0
27/06/2019,3.0,4.0,3.0,3.4,1000.0,3400.0
28/06/2019,3.4,4.0,3.0,3.4,,
01/07/2019,3.4,4.0,3.0,3.4,,
02/07/2019,3.4,4.0,3.0,3.4,,
03/07/2019,3.4,4.0,3.0,3.4,,
04/07/2019,3.4,4.0,3.0,3.4,,
05/07/2019,3.4,4.0,3.0,3.4,,
08/07/2019,3.4,4.0,3.0,3.4,,
09/07/2019,3.4,4.0,3.0,3.4,,
10/07/2019,3.4,4.0,3.0,3.4,,
11/07/2019,3.4,4.0,2.9,2.9,1500.0,4350.0
12/07/2019,2.9,4.0,2.9,2.9,,
15/07/2019,2.9,4.0,2.9,2.9,,
16/07/2019,2.9,4.0,2.9,2.9,10000.0,29000.0
17/07/2019,2.9,4.0,2.9,3.34,100.0,334.0
18/07/2019,3.34,4.0,2.9,3.34,,
19/07/2019,3.34,4.0,2.9,3.34,,
22/07/2019,3.34,4.0,2.9,3.34,,
23/07/2019,3.34,4.0,2.9,3.0,100.0,300.0
24/07/2019,3.0,4.0,2.9,3.0,,
25/07/2019,3.0,4.0,2.9,3.0,,
26/07/2019,3.0,4.0,2.9,3.0,,
29/07/2019,3.0,4.0,2.9,3.0,200.0,600.0
30/07/2019,3.0,4.0,2.9,3.0,,
31/07/2019,3.0,4.0,2.9,3.0,,
01/08/2019,3.0,4.0,2.9,3.0,,
02/08/2019,3.0,4.0,2.9,3.0,,
06/08/2019,3.0,4.0,2.9,3.0,,
07/08/2019,3.0,4.0,2.9,3.0,,
08/08/2019,3.0,4.0,2.9,3.0,,
09/08/2019,3.0,4.0,2.9,3.0,,
13/08/2019,3.0,4.0,2.9,3.0,,
14/08/2019,3.0,4.0,2.9,3.0,,
15/08/2019,3.0,4.0,2.9,3.0,,
16/08/2019,3.0,4.0,2.9,3.0,,
19/08/2019,3.0,4.0,2.55,2.55,100.0,255.0
20/08/2019,2.55,4.0,2.55,2.55,,
21/08/2019,2.55,4.0,2.55,2.9,3300.0,9570.0
22/08/2019,2.9,4.0,2.55,2.9,,
23/08/2019,2.9,4.0,2.55,2.9,,
26/08/2019,2.9,4.0,2.55,2.9,,
26/08/2019,2.9,4.0,2.55,2.9,,
27/08/2019,2.9,4.0,2.55,2.99,4000.0,11960.0
28/08/2019,2.99,4.0,2.55,2.99,,
29/08/2019,2.99,4.0,2.55,2.99,,
30/08/2019,2.99,4.0,2.55,2.99,,
02/09/2019,2.99,4.0,2.55,2.99,,
03/09/2019,2.99,4.0,2.55,2.99,,
04/09/2019,2.99,4.0,2.55,2.99,100.0,299.0
05/09/2019,2.99,4.0,2.55,2.99,,
06/09/2019,2.99,4.0,2.55,2.55,500.0,1275.0
09/09/2019,2.55,4.0,2.55,2.55,4700.0,11985.0
10/09/2019,2.55,4.0,2.55,2.55,,
11/09/2019,2.55,4.0,2.55,2.55,,
12/09/2019,2.55,4.0,2.55,2.55,,
13/09/2019,2.55,4.0,2.55,2.55,,
16/09/2019,2.55,4.0,2.55,2.55,,
17/09/2019,2.55,4.0,2.55,2.55,,
18/09/2019,2.55,4.0,2.55,2.55,,
19/09/2019,2.55,4.0,2.55,2.55,100.0,255.0
20/09/2019,2.55,4.0,2.55,2.55,,
24/09/2019,2.55,4.0,2.55,2.55,300.0,765.0
25/09/2019,2.55,4.0,2.55,2.55,,
26/09/2019,2.55,4.0,2.55,2.55,,
27/09/2019,2.55,4.0,2.55,2.55,,
30/09/2019,2.55,4.0,2.55,2.55,,
01/10/2019,2.55,4.0,2.55,2.55,,
02/10/2019,2.55,4.0,2.4,2.4,200.0,480.0
03/10/2019,2.4,4.0,2.4,2.43,500.0,1215.0
04/10/2019,2.43,4.0,2.4,2.43,,
07/10/2019,2.43,4.0,2.4,2.43,,
08/10/2019,2.43,4.0,2.4,2.43,,
09/10/2019,2.43,4.0,2.4,2.43,,
10/10/2019,2.43,4.0,2.4,2.43,,
11/10/2019,2.43,4.0,2.4,2.43,,
14/10/2019,2.43,4.0,2.4,2.43,,
15/10/2019,2.43,4.0,2.4,2.43,100.0,243.0
16/10/2019,2.43,4.0,2.4,2.43,,
17/10/2019,2.43,4.0,2.4,2.43,,
18/10/2019,2.43,4.0,2.4,2.43,,
21/10/2019,2.43,4.0,2.4,2.43,,
22/10/2019,2.43,4.0,2.4,2.43,,
23/10/2019,2.43,4.0,2.4,2.43,,
24/10/2019,2.43,4.0,2.4,2.43,,
25/10/2019,2.43,4.0,2.4,2.43,,
28/10/2019,2.43,4.0,2.4,2.43,,
29/10/2019,2.43,4.0,2.4,2.43,,
30/10/2019,2.43,4.0,2.4,2.43,,
31/10/2019,2.43,4.0,2.4,2.43,,
01/11/2019,2.43,4.0,2.4,2.43,,
04/11/2019,2.43,4.0,2.4,2.43,,
05/11/2019,2.43,4.0,2.4,2.43,,
06/11/2019,2.43,4.0,2.4,2.43,,
07/11/2019,2.43,4.0,2.4,2.43,,
08/11/2019,2.43,4.0,2.4,2.43,,
11/11/2019,2.43,4.0,2.4,2.43,,
12/11/2019,2.43,4.0,2.4,2.43,,
13/11/2019,2.43,4.0,2.4,2.43,100.0,243.0
14/11/2019,2.43,4.0,2.4,2.43,,
15/11/2019,2.43,4.0,2.4,2.43,,
18/11/2019,2.43,4.0,2.4,2.43,,
19/11/2019,2.43,4.0,2.4,2.43,,
20/11/2019,2.43,4.0,2.4,2.43,600.0,1458.0
21/11/2019,2.43,4.0,2.4,2.43,,
22/11/2019,2.43,4.0,2.4,2.43,,
25/11/2019,2.43,4.0,2.4,2.43,,
26/11/2019,2.43,4.0,2.4,2.43,,
27/11/2019,2.43,4.0,2.4,2.43,,
28/11/2019,2.43,4.0,2.4,2.43,,
29/11/2019,2.43,4.0,2.4,2.43,,
02/12/2019,2.43,4.0,2.4,2.43,,
03/12/2019,2.43,4.0,2.4,2.7,100.0,270.0
04/12/2019,2.7,4.0,2.4,2.75,100.0,275.0
05/12/2019,2.75,4.0,2.4,2.88,200.0,575.0
09/12/2019,2.88,4.0,2.4,2.88,100.0,288.0
10/12/2019,2.88,4.0,2.4,3.25,200.0,650.0
11/12/2019,3.25,4.0,2.4,3.7,100.0,370.0
12/12/2019,3.7,4.2,2.4,4.2,100.0,420.0
13/12/2019,4.2,4.75,2.4,4.75,100.0,475.0
16/12/2019,4.75,5.0,2.4,5.0,100.0,500.0
17/12/2019,5.0,5.0,2.4,5.0,,
18/12/2019,5.0,5.0,2.4,5.0,,
19/12/2019,5.0,5.0,2.4,5.0,,
20/12/2019,5.0,5.0,2.4,5.0,,
23/12/2019,5.0,5.0,2.4,5.0,,
24/12/2019,5.0,5.0,2.4,5.0,,
27/12/2019,5.0,5.0,2.4,5.0,,
30/12/2019,5.0,5.0,2.4,5.0,,
31/12/2019,5.0,5.0,2.4,5.0,,
02/01/2020,5.0,5.0,5.0,5.0,,
03/01/2020,5.0,5.0,5.0,5.0,,
06/01/2020,5.0,5.0,5.0,5.0,,
08/01/2020,5.0,5.0,5.0,5.0,,
09/01/2020,5.0,5.0,5.0,5.0,,
10/01/2020,5.0,5.0,5.0,5.0,,
13/01/2020,5.0,5.0,5.0,5.0,,
14/01/2020,5.0,5.0,5.0,5.0,,
15/01/2020,5.0,5.0,5.0,5.0,,
16/01/2020,5.0,5.0,5.0,5.0,,
17/01/2020,5.0,5.0,5.0,5.0,,
20/01/2020,5.0,5.0,5.0,5.0,,
21/01/2020,5.0,5.0,5.0,5.0,,
22/01/2020,5.0,5.0,5.0,5.0,,
23/01/2020,5.0,5.0,5.0,5.0,,
24/01/2020,5.0,5.0,5.0,5.0,,
27/01/2020,5.0,5.0,5.0,5.0,,
28/01/2020,5.0,5.0,5.0,5.0,,
29/01/2020,5.0,5.0,5.0,5.0,,
30/01/2020,5.0,5.0,4.5,4.5,400.0,1800.0
31/01/2020,4.5,5.0,4.5,4.5,,
03/02/2020,4.5,5.0,4.5,4.5,,
04/02/2020,4.5,5.0,4.5,4.5,,
05/02/2020,4.5,5.0,4.5,4.5,,
06/02/2020,4.5,5.0,4.5,4.5,,
07/02/2020,4.5,5.0,4.5,4.5,,
10/02/2020,4.5,5.0,4.5,4.5,,
11/02/2020,4.5,5.0,4.5,4.5,,
12/02/2020,4.5,5.0,4.5,4.5,,
13/02/2020,4.5,5.0,4.5,4.5,,
14/02/2020,4.5,5.0,4.5,4.5,,
17/02/2020,4.5,5.0,4.5,4.5,,
18/02/2020,4.5,5.0,4.5,4.5,,
19/02/2020,4.5,5.0,4.5,4.5,,
20/02/2020,4.5,5.0,4.5,4.5,,
21/02/2020,4.5,5.0,4.5,4.5,,
24/02/2020,4.5,5.0,4.5,4.5,,
25/02/2020,4.5,5.0,4.5,4.5,,
26/02/2020,4.5,5.0,4.5,4.5,,
27/02/2020,4.5,5.0,4.5,4.5,,
28/02/2020,4.5,5.0,4.5,4.5,,
02/03/2020,4.5,5.0,4.5,4.5,,
03/03/2020,4.5,5.0,4.5,4.5,,
04/03/2020,4.5,5.0,4.5,4.5,,
05/03/2020,4.5,5.0,4.5,4.5,,
09/03/2020,4.5,5.0,4.5,4.5,,
10/03/2020,4.5,5.0,4.5,4.5,,
11/03/2020,4.5,5.0,4.5,4.5,,
12/03/2020,4.5,5.0,4.5,4.5,,
13/03/2020,4.5,5.0,4.5,4.5,,
16/03/2020,4.5,5.0,4.5,4.5,,
17/03/2020,4.5,5.0,4.5,4.5,,
18/03/2020,4.5,5.0,4.4,4.4,100.0,440.0
19/03/2020,4.4,5.0,4.4,4.4,,
20/03/2020,4.4,5.0,4.4,4.4,,
23/03/2020,4.4,5.0,4.4,4.4,,
24/03/2020,4.4,5.0,4.4,4.4,,
25/03/2020,4.4,5.0,4.4,4.4,,
26/03/2020,4.4,5.0,4.4,4.4,,
27/03/2020,4.4,5.0,4.4,4.4,,
30/03/2020,4.4,5.0,4.4,4.4,,
31/03/2020,4.4,5.0,4.4,4.4,,
01/04/2020,4.4,5.0,4.4,4.4,,
02/04/2020,4.4,5.0,4.4,4.4,,
03/04/2020,4.4,5.0,4.4,4.4,,
06/04/2020,4.4,5.0,4.4,4.4,,
07/04/2020,4.4,5.0,4.4,4.4,,
08/04/2020,4.4,5.0,4.4,4.4,,
09/04/2020,4.4,5.0,4.4,4.4,,
14/04/2020,4.4,5.0,4.4,4.4,,
15/04/2020,4.4,5.0,4.4,4.4,,
16/04/2020,4.4,5.0,4.4,4.4,,
17/04/2020,4.4,5.0,4.4,4.4,,
20/04/2020,4.4,5.0,4.4,4.4,,
21/04/2020,4.4,5.0,4.4,4.4,,
22/04/2020,4.4,5.0,4.4,4.4,,
23/04/2020,4.4,5.0,4.4,4.4,,
24/04/2020,4.4,5.0,4.4,4.4,,
27/04/2020,4.4,5.0,4.39,4.39,1000.0,4390.0
28/04/2020,4.39,5.0,4.39,4.39,,
29/04/2020,4.39,5.0,4.39,4.39,,
30/04/2020,4.39,5.0,4.39,4.39,,
04/05/2020,4.39,5.0,4.39,4.39,,
05/05/2020,4.39,5.0,4.39,4.39,,
06/05/2020,4.39,5.0,4.39,4.39,,
07/05/2020,4.39,5.0,4.39,4.39,,
08/05/2020,4.39,5.0,4.39,4.39,,
11/05/2020,4.39,5.0,4.39,4.39,,
12/05/2020,4.39,5.0,4.39,4.39,,
13/05/2020,4.39,5.0,4.39,4.39,,
14/05/2020,4.39,5.0,4.39,4.39,,
15/05/2020,4.39,5.0,4.39,4.39,,
18/05/2020,4.39,5.0,4.39,4.39,,
19/05/2020,4.39,5.0,4.39,4.39,,
20/05/2020,4.39,5.0,4.39,4.39,,
21/05/2020,4.39,5.0,4.39,4.39,,
22/05/2020,4.39,5.0,4.39,4.39,,
26/05/2020,4.39,5.0,4.39,4.39,,
27/05/2020,4.39,5.0,4.39,4.39,,
28/05/2020,4.39,5.0,4.39,4.39,,
29/05/2020,4.39,5.0,4.39,4.39,,
01/06/2020,4.39,5.0,4.39,4.39,,
02/06/2020,4.39,5.0,4.39,4.39,,
03/06/2020,4.39,5.0,4.39,4.39,,
04/06/2020,4.39,5.0,4.39,4.39,,
05/06/2020,4.39,5.0,4.39,4.39,,
08/06/2020,4.39,5.0,4.39,4.39,,
09/06/2020,4.39,5.0,4.39,4.39,,
10/06/2020,4.39,5.0,4.39,4.39,,
11/06/2020,4.39,5.0,4.39,4.39,,
12/06/2020,4.39,5.0,4.39,4.39,,
15/06/2020,4.39,5.0,4.39,4.39,,
16/06/2020,4.39,5.0,4.39,4.39,,
17/06/2020,4.39,5.0,4.39,4.39,,
18/06/2020,4.39,5.0,4.39,4.39,,
19/06/2020,4.39,5.0,4.39,4.39,,
22/06/2020,4.39,5.0,4.39,4.39,,
23/06/2020,4.39,5.0,4.39,4.39,,
24/06/2020,4.39,5.0,4.39,4.39,,
25/06/2020,4.39,5.0,4.39,4.39,,
26/06/2020,4.39,5.0,4.39,4.39,,
29/06/2020,4.39,5.0,4.39,4.39,,
30/06/2020,4.39,5.0,4.39,4.39,,
01/07/2020,4.39,5.0,4.39,4.39,,
02/07/2020,4.39,5.0,4.39,4.39,,
03/07/2020,4.39,5.0,4.39,4.39,,
06/07/2020,4.39,5.0,4.39,4.39,,
07/07/2020,4.39,5.0,4.39,4.39,,
08/07/2020,4.39,5.0,4.39,4.39,,
09/07/2020,4.39,5.0,4.39,4.39,,
10/07/2020,4.39,5.0,4.39,4.39,,
13/07/2020,4.39,5.0,4.39,4.39,,
14/07/2020,4.39,4.39,4.39,4.39,,
15/07/2020,4.39,4.39,4.39,4.39,,
16/07/2020,4.39,4.39,4.39,4.39,,
17/07/2020,4.39,4.39,4.39,4.39,,
20/07/2020,4.39,5.0,4.39,4.39,,
21/07/2020,4.39,5.0,4.39,4.39,,
22/07/2020,4.39,5.0,4.39,4.39,,
23/07/2020,4.39,5.0,4.39,4.39,,
24/07/2020,4.39,5.0,4.39,4.39,,
27/07/2020,4.39,5.0,4.39,4.39,,
28/07/2020,4.39,5.0,4.39,4.39,,
29/07/2020,4.39,5.0,4.39,4.39,,
30/07/2020,4.39,5.0,4.39,4.39,,
03/08/2020,4.39,5.0,4.39,4.39,,
05/08/2020,4.39,5.0,4.39,4.39,,
06/08/2020,4.39,5.0,4.39,4.39,,
07/08/2020,4.39,5.0,4.39,4.39,,
10/08/2020,4.39,5.0,4.39,4.39,,
11/08/2020,4.39,5.0,4.39,4.39,,
12/08/2020,4.39,5.0,4.39,4.39,,
13/08/2020,4.39,5.0,4.39,4.39,,
14/08/2020,4.39,5.0,4.39,4.39,,
17/08/2020,4.39,5.0,4.39,4.39,,
18/08/2020,4.39,5.0,4.39,4.39,,
19/08/2020,4.39,5.0,4.39,4.39,,
20/08/2020,4.39,5.0,4.39,4.39,,
21/08/2020,4.39,5.0,4.39,4.39,,
24/08/2020,4.39,5.0,4.39,4.39,,
25/08/2020,4.39,5.0,4.39,4.39,,
26/08/2020,4.39,5.0,4.39,4.39,,
27/08/2020,4.39,5.0,4.39,4.39,,
28/08/2020,4.39,5.0,4.39,4.39,,
31/08/2020,4.39,5.0,4.39,4.39,,
01/09/2020,4.39,5.0,4.39,4.39,,
02/09/2020,4.39,5.0,4.39,4.39,,
03/09/2020,4.39,5.0,4.39,4.39,,
04/09/2020,4.39,5.0,4.39,4.39,,
07/09/2020,4.39,5.0,4.39,4.39,,
08/09/2020,4.39,5.0,4.39,4.39,,
09/09/2020,4.39,5.0,4.39,4.39,,
10/09/2020,4.39,5.0,4.39,4.39,,
11/09/2020,4.39,5.0,4.39,4.39,,
14/09/2020,4.39,5.0,4.39,4.39,,
15/09/2020,4.39,5.0,4.39,4.39,,
16/09/2020,4.39,5.0,4.39,4.39,,
17/09/2020,4.39,5.0,4.39,4.39,,
18/09/2020,4.39,5.0,4.39,4.39,,
22/09/2020,4.39,5.0,4.39,4.39,,
23/09/2020,4.39,5.0,4.39,4.39,,
24/09/2020,4.39,5.0,4.39,4.39,,
25/09/2020,4.39,5.0,4.39,4.39,,
28/09/2020,4.39,5.0,4.39,4.39,,
29/09/2020,4.39,5.0,4.39,4.39,,
30/09/2020,4.39,5.0,4.39,4.39,,
01/10/2020,4.39,5.0,4.39,4.39,,
02/10/2020,4.39,5.0,4.39,4.39,,
05/10/2020,4.39,5.0,4.39,4.39,,
06/10/2020,4.39,5.0,4.39,4.39,,
07/10/2020,4.39,5.0,4.39,4.39,,
08/10/2020,4.39,5.0,4.39,4.39,,
09/10/2020,4.39,5.0,4.39,4.39,,
12/10/2020,4.39,5.0,4.39,4.39,,
13/10/2020,4.39,5.0,4.39,4.39,,
14/10/2020,4.39,5.0,4.39,4.39,,
15/10/2020,4.39,5.0,4.39,4.39,,
16/10/2020,4.39,5.0,4.39,4.39,,
19/10/2020,4.39,5.0,4.39,4.39,,
20/10/2020,4.39,5.0,4.39,4.39,,
21/10/2020,4.39,5.0,4.39,4.39,,
22/10/2020,4.39,5.0,4.39,4.39,,
23/10/2020,4.39,5.0,4.39,4.39,,
26/10/2020,4.39,5.0,4.39,4.39,,
27/10/2020,4.39,5.0,4.39,4.39,,
28/10/2020,4.39,5.0,4.39,4.39,,
29/10/2020,4.39,5.0,4.39,4.39,,
30/10/2020,4.39,5.0,4.39,4.39,,
02/11/2020,4.39,5.0,4.39,4.39,,
03/11/2020,4.39,5.0,4.39,4.39,,
04/11/2020,4.39,5.0,4.39,4.39,,
05/11/2020,4.39,5.0,4.39,4.39,,
06/11/2020,4.39,5.0,4.39,4.39,,
09/11/2020,4.39,5.0,4.39,4.39,,
10/11/2020,4.39,5.0,4.39,4.39,,
11/11/2020,4.39,5.0,4.39,4.39,,
12/11/2020,4.39,5.0,4.39,4.39,,
13/11/2020,4.39,5.0,4.39,4.39,,
16/11/2020,4.39,5.0,4.39,4.39,,
17/11/2020,4.39,5.0,4.39,4.39,,
18/11/2020,4.39,5.0,4.39,4.39,,
19/11/2020,4.39,5.0,4.39,4.39,,
20/11/2020,4.39,5.0,4.39,4.39,,
23/11/2020,4.39,5.0,4.39,4.39,,
24/11/2020,4.39,5.0,4.39,4.39,,
25/11/2020,4.39,5.0,4.39,4.39,,
26/11/2020,4.39,5.0,4.39,4.39,,
27/11/2020,4.39,5.0,4.39,4.39,,
30/11/2020,4.39,5.0,4.39,4.39,,
01/12/2020,4.39,5.0,4.39,4.39,,
02/12/2020,4.39,5.0,4.39,4.39,,
03/12/2020,4.39,5.0,4.39,4.39,,
04/12/2020,4.39,5.0,4.39,4.39,,
08/12/2020,4.39,5.0,4.39,4.39,,
09/12/2020,4.39,5.0,4.39,4.39,,
10/12/2020,4.39,5.0,4.39,4.39,,
11/12/2020,4.39,5.0,4.39,4.39,,
14/12/2020,4.39,5.0,4.39,4.39,,
15/12/2020,4.39,5.0,4.39,4.39,,
16/12/2020,4.39,5.0,4.39,4.39,,
17/12/2020,4.39,5.0,4.39,4.39,,
18/12/2020,4.39,5.0,4.39,4.39,,
21/12/2020,4.39,5.0,4.39,4.39,,
22/12/2020,4.39,5.0,4.39,4.39,,
23/12/2020,4.39,5.0,4.39,4.39,,
24/12/2020,4.39,5.0,4.39,4.39,,
29/12/2020,4.39,5.0,4.39,4.39,,
30/12/2020,4.39,5.0,4.39,4.39,,
31/12/2020,4.39,5.0,4.39,4.39,,
04/01/2021,4.39,5.0,4.39,4.39,,
05/01/2021,4.39,4.39,4.39,4.39,,
06/01/2021,4.39,4.39,4.39,4.39,,
08/01/2021,4.39,4.39,4.39,4.39,,
11/01/2021,4.39,4.39,4.39,4.39,,
12/01/2021,4.39,4.39,4.39,4.39,55.0,239.25
13/01/2021,4.39,4.39,4.39,4.39,,
14/01/2021,4.39,4.39,4.39,4.39,,
15/01/2021,4.39,4.39,4.39,4.39,,
18/01/2021,4.39,4.39,4.3,4.3,10800.0,46440.0
19/01/2021,4.3,4.39,4.3,4.3,,
20/01/2021,4.3,4.39,4.3,4.3,,
21/01/2021,4.3,4.39,4.3,4.3,,
22/01/2021,4.3,4.39,4.3,4.3,,
25/01/2021,4.3,4.39,4.3,4.3,,
26/01/2021,4.3,4.39,4.3,4.3,,
27/01/2021,4.3,4.39,4.3,4.3,,
28/01/2021,4.3,4.39,4.3,4.3,,
29/01/2021,4.3,4.39,4.3,4.3,,
01/02/2021,4.3,4.39,4.3,4.3,,
02/02/2021,4.3,4.39,4.3,4.3,,
03/02/2021,4.3,4.39,4.3,4.3,,
05/02/2021,4.3,4.39,4.3,4.3,,
08/02/2021,4.3,4.39,4.3,4.3,,
09/02/2021,4.3,4.39,4.3,4.3,,
10/02/2021,4.3,4.39,4.3,4.3,,
11/02/2021,4.3,4.39,4.3,4.3,,
12/02/2021,4.3,4.39,4.3,4.3,,
15/02/2021,4.3,4.39,4.3,4.3,,
16/02/2021,4.3,4.39,4.3,4.3,,
17/02/2021,4.3,4.39,4.3,4.3,,
18/02/2021,4.3,4.39,4.3,4.3,,
19/02/2021,4.3,4.39,4.3,4.3,,
22/02/2021,4.3,4.39,4.3,4.3,,
23/02/2021,4.3,4.39,4.3,4.3,,
24/02/2021,4.3,4.39,4.3,4.3,,
25/02/2021,4.3,4.39,4.3,4.3,,
26/02/2021,4.3,4.39,4.3,4.3,,
01/03/2021,4.3,4.39,4.3,4.3,,
02/03/2021,4.3,4.39,4.3,4.3,,
03/03/2021,4.3,4.39,4.3,4.3,,
04/03/2021,4.3,4.39,4.3,4.3,,
05/03/2021,4.3,4.39,4.3,4.3,,
09/03/2021,4.3,4.39,4.3,4.3,,
11/03/2021,4.3,4.39,4.3,4.3,,
12/03/2021,4.3,4.39,4.3,4.3,,
15/03/2021,4.3,4.39,4.3,4.3,,
17/03/2021,4.3,4.39,4.3,4.3,,
18/03/2021,4.3,4.39,4.3,4.3,,
19/03/2021,4.3,4.39,4.3,4.3,,
22/03/2021,4.3,4.39,4.3,4.3,,
23/03/2021,4.3,4.39,4.3,4.3,,
24/03/2021,4.3,4.39,4.3,4.3,,
25/03/2021,4.3,4.39,4.3,4.3,,
26/03/2021,4.3,4.39,4.3,4.3,,
29/03/2021,4.3,4.39,4.3,4.3,,
30/03/2021,4.3,4.39,4.3,4.3,,
31/03/2021,4.3,4.39,4.3,4.3,,
01/04/2021,4.3,4.39,4.3,4.3,,
06/04/2021,4.3,4.39,4.3,4.3,,
07/04/2021,4.3,4.39,4.3,4.3,,
08/04/2021,4.3,4.39,4.3,4.3,,
09/04/2021,4.3,4.39,4.3,4.3,,
12/04/2021,4.3,4.39,4.3,4.3,,
13/04/2021,4.3,4.39,4.3,4.3,,
14/04/2021,4.3,4.39,4.3,4.3,,
15/04/2021,4.3,4.39,4.3,4.3,,
16/04/2021,4.3,4.39,4.3,4.3,,
19/04/2021,4.3,4.39,4.3,4.3,,
20/04/2021,4.3,4.39,4.3,4.3,,
21/04/2021,4.3,4.39,4.3,4.3,,
22/04/2021,4.3,4.39,4.3,4.3,,
23/04/2021,4.3,4.39,4.3,4.3,,
26/04/2021,4.3,4.39,4.3,4.3,,
27/04/2021,4.3,4.39,4.3,4.3,,
28/04/2021,4.3,4.39,4.3,4.3,,
29/04/2021,4.3,4.39,4.3,4.3,,
30/04/2021,4.3,4.39,4.3,4.3,,
04/05/2021,4.3,4.39,4.3,4.3,,
05/05/2021,4.3,4.39,4.3,4.3,,
06/05/2021,4.3,4.39,4.3,4.3,,
07/05/2021,4.3,4.39,4.3,4.3,,
10/05/2021,4.3,4.39,4.3,4.3,,
11/05/2021,4.3,4.39,4.3,4.3,,
12/05/2021,4.3,4.39,4.3,4.3,,
14/05/2021,4.3,4.39,4.3,4.3,,
17/05/2021,4.3,4.39,4.3,4.3,,
18/05/2021,4.3,4.39,4.3,4.3,,
19/05/2021,4.3,4.39,4.3,4.3,,
20/05/2021,4.3,4.39,4.3,4.3,,
21/05/2021,4.3,4.39,4.3,4.3,,
24/05/2021,4.3,4.39,4.3,4.3,,
25/05/2021,4.3,4.39,4.3,4.3,,
26/05/2021,4.3,4.39,4.3,4.3,,
27/05/2021,4.3,4.39,4.3,4.3,,
28/05/2021,4.3,4.39,4.3,4.3,45.0,180.0
31/05/2021,4.3,4.39,4.3,4.3,,
01/06/2021,4.3,4.39,4.3,4.3,,
02/06/2021,4.3,4.39,4.3,4.3,,
03/06/2021,4.3,4.39,4.3,4.3,,
04/06/2021,4.3,4.39,4.3,4.3,,
08/06/2021,3.87,4.39,3.87,3.87,22.0,85.14
09/06/2021,3.87,4.39,3.87,3.87,,
10/06/2021,3.87,4.39,3.87,3.87,,
11/06/2021,3.87,4.39,3.87,3.87,,
14/06/2021,3.87,4.39,3.49,3.49,2628.0,9191.72
15/06/2021,3.49,4.39,3.49,3.49,172.0,600.28
16/06/2021,3.49,4.39,3.49,3.49,,
17/06/2021,3.49,4.39,3.49,3.49,,
18/06/2021,3.49,4.39,3.49,3.49,,
21/06/2021,3.49,4.39,3.49,3.49,,
22/06/2021,3.49,4.39,3.49,3.49,250.0,872.5
23/06/2021,3.49,4.39,3.49,3.49,,
24/06/2021,3.49,4.39,3.49,3.49,,
25/06/2021,3.49,4.39,3.49,3.49,,
28/06/2021,3.49,4.39,3.49,3.49,,
29/06/2021,3.49,4.39,3.49,3.49,,
30/06/2021,3.49,4.39,3.49,3.49,,
01/07/2021,3.49,4.39,3.49,3.49,,
02/07/2021,3.49,4.39,3.49,3.49,100.0,349.0
05/07/2021,3.49,4.39,3.49,3.49,,
06/07/2021,3.49,4.39,3.49,3.49,,
07/07/2021,3.49,4.39,3.49,3.49,,
08/07/2021,3.49,4.39,3.49,3.49,,
09/07/2021,3.49,4.39,3.49,3.49,,
12/07/2021,3.49,4.39,3.49,3.49,,
13/07/2021,3.49,4.39,3.49,3.49,,
14/07/2021,3.49,4.39,3.49,3.49,,
15/07/2021,3.49,4.39,3.49,3.49,,
16/07/2021,3.49,4.39,3.49,3.49,,
19/07/2021,3.49,4.39,3.49,3.49,,
21/07/2021,3.49,4.39,3.49,3.49,,
22/07/2021,3.49,4.39,3.49,3.49,3506.0,12235.94
23/07/2021,3.49,4.39,3.49,3.49,,
26/07/2021,3.49,4.39,3.49,3.49,71.0,247.79
27/07/2021,3.49,4.39,3.49,3.49,,
28/07/2021,3.49,4.39,3.49,3.49,236.0,823.64
29/07/2021,3.49,4.39,3.49,3.49,,
30/07/2021,3.49,4.39,3.49,3.49,10000.0,34900.0
02/08/2021,3.49,4.39,3.49,3.49,,
03/08/2021,3.49,4.39,3.49,3.49,,
05/08/2021,3.49,4.39,3.49,3.49,,
06/08/2021,3.49,4.39,3.49,3.49,,
09/08/2021,3.49,4.39,3.49,3.49,20.0,69.8
10/08/2021,3.49,4.39,3.49,3.49,,
11/08/2021,3.49,4.39,3.49,3.49,,
12/08/2021,3.49,4.39,3.49,3.49,,
13/08/2021,3.49,4.39,3.49,3.49,,
16/08/2021,3.49,4.39,3.49,3.49,,
17/08/2021,3.49,4.39,3.49,3.49,100.0,349.0
18/08/2021,3.49,4.39,3.49,3.49,,
19/08/2021,3.49,4.39,3.49,3.49,,
20/08/2021,3.49,4.39,3.49,3.49,,
23/08/2021,3.49,4.39,3.49,3.49,,
24/08/2021,3.49,4.39,3.49,3.49,,
25/08/2021,3.49,4.39,3.49,3.49,,
26/08/2021,3.49,4.39,3.49,3.49,,
27/08/2021,3.49,4.39,3.49,3.49,,
30/08/2021,3.49,4.39,3.49,3.49,20.0,69.8
31/08/2021,3.49,4.39,3.49,3.49,,
01/09/2021,3.49,4.39,3.49,3.49,,
02/09/2021,3.49,4.39,3.49,3.49,,
03/09/2021,3.49,4.39,3.49,3.49,,
06/09/2021,3.49,4.39,3.49,3.49,,
07/09/2021,3.49,4.39,3.49,3.49,,
08/09/2021,3.49,4.39,3.49,3.49,1000.0,3490.0
09/09/2021,3.49,4.39,3.49,3.49,,
10/09/2021,3.49,4.39,3.49,3.49,,
13/09/2021,3.49,4.39,3.49,3.49,,
14/09/2021,3.49,4.39,3.49,3.49,,
15/09/2021,3.49,4.39,3.49,3.49,,
16/09/2021,3.49,4.39,3.49,3.49,,
20/09/2021,3.49,4.39,3.49,3.49,5500.0,19195.0
22/09/2021,3.49,4.39,3.49,3.49,,
23/09/2021,3.49,4.39,3.49,3.49,,
24/09/2021,3.49,4.39,3.49,3.49,,
27/09/2021,3.49,4.39,3.49,3.49,,
28/09/2021,3.49,4.39,3.49,3.49,,
29/09/2021,3.49,4.39,3.49,3.49,100.0,349.0
30/09/2021,3.49,4.39,3.49,3.49,,
01/10/2021,3.49,4.39,3.49,3.49,15000.0,52404.0
04/10/2021,3.49,4.39,3.49,3.49,,
05/10/2021,3.49,4.39,3.49,3.49,10.0,34.9
06/10/2021,3.49,4.39,3.49,3.49,,
07/10/2021,3.49,4.39,3.49,3.49,,
08/10/2021,3.49,4.39,3.49,3.49,,
11/10/2021,3.49,4.39,3.49,3.49,1.0,3.49
12/10/2021,3.49,4.39,3.49,3.49,,
13/10/2021,3.49,4.39,3.49,3.49,195.0,680.55
14/10/2021,3.49,4.39,3.49,3.49,,
15/10/2021,3.49,4.39,3.49,3.49,,
18/10/2021,3.49,4.39,3.49,3.49,,
19/10/2021,3.49,4.39,3.49,3.49,,
20/10/2021,3.49,4.39,3.49,3.49,,
21/10/2021,3.49,4.39,3.49,3.49,,
22/10/2021,3.49,4.39,3.49,3.49,,
25/10/2021,3.49,4.39,3.49,3.49,,
26/10/2021,3.49,4.39,3.49,3.49,,
27/10/2021,3.49,4.39,3.49,3.49,,
28/10/2021,3.49,4.39,3.49,3.49,,
29/10/2021,3.49,4.39,3.49,3.49,,
01/11/2021,3.49,4.39,3.49,3.49,700.0,2443.0
02/11/2021,3.49,4.39,3.49,3.49,,
03/11/2021,3.49,4.39,3.49,3.49,,
04/11/2021,3.49,4.39,3.49,3.49,,
05/11/2021,3.49,4.39,3.49,3.49,,
08/11/2021,3.49,4.39,3.49,3.49,,
09/11/2021,3.49,4.39,3.49,3.49,1771.0,6180.79
10/11/2021,3.49,4.39,3.15,3.15,8880.0,27972.0
11/11/2021,3.15,4.39,3.15,3.15,620.0,1953.0
12/11/2021,3.15,4.39,3.15,3.15,,
15/11/2021,3.15,4.39,3.15,3.15,158.0,497.7
16/11/2021,3.15,4.39,3.15,3.15,56.0,176.4
17/11/2021,3.15,4.39,3.15,3.15,,
18/11/2021,3.15,4.39,3.15,3.15,,
22/11/2021,3.15,4.39,3.15,3.15,,
23/11/2021,3.15,4.39,3.15,3.15,,
24/11/2021,3.15,4.39,3.15,3.15,179.0,563.85
25/11/2021,3.15,4.39,3.15,3.15,,
26/11/2021,3.15,4.39,3.15,3.15,,
29/11/2021,3.15,4.39,3.15,3.15,,
30/11/2021,3.15,4.39,3.15,3.15,,
01/12/2021,3.15,4.39,3.15,3.15,,
02/12/2021,3.15,4.39,3.15,3.15,,
06/12/2021,3.15,4.39,3.15,3.15,,
07/12/2021,3.15,4.39,3.15,3.15,,
08/12/2021,3.15,4.39,3.15,3.15,,
09/12/2021,3.15,4.39,3.15,3.15,,
10/12/2021,3.15,4.39,3.15,3.15,,
13/12/2021,3.15,4.39,3.15,3.15,300.0,945.0
14/12/2021,3.15,4.39,3.15,3.15,,
15/12/2021,3.15,4.39,3.15,3.15,354.0,1115.1
16/12/2021,3.15,4.39,3.15,3.15,,
17/12/2021,3.15,4.39,3.15,3.15,,
20/12/2021,3.15,4.39,3.15,3.15,11232.0,35380.8
21/12/2021,3.15,4.39,3.15,3.15,,
22/12/2021,3.15,4.39,3.15,3.15,,
23/12/2021,3.15,4.39,3.15,3.15,,
24/12/2021,3.15,4.39,3.15,3.15,,
29/12/2021,3.15,4.39,3.15,3.15,,
30/12/2021,3.15,4.39,3.15,3.15,2030.0,6394.5
31/12/2021,3.15,4.39,3.15,3.15,,
04/01/2022,3.15,3.15,3.15,3.15,,
05/01/2022,3.15,3.15,3.15,3.15,,
06/01/2022,3.15,3.15,3.15,3.15,,
10/01/2022,3.15,3.15,3.15,3.15,174.0,548.1
11/01/2022,3.15,3.15,3.15,3.15,160.0,504.0
12/01/2022,3.15,3.15,3.15,3.15,,
13/01/2022,3.15,3.15,3.15,3.15,,
14/01/2022,3.15,3.15,3.15,3.15,,
17/01/2022,3.15,3.15,3.15,3.15,,
18/01/2022,3.15,3.15,3.15,3.15,,
19/01/2022,3.15,3.15,3.15,3.15,30.0,94.5
20/01/2022,3.15,3.15,3.15,3.15,,
21/01/2022,3.15,3.15,3.15,3.15,,
24/01/2022,3.15,3.15,3.15,3.15,,
25/01/2022,3.15,3.15,3.15,3.15,,
26/01/2022,3.15,3.15,3.15,3.15,,
27/01/2022,3.15,3.15,2.85,2.85,1000.0,2850.0
28/01/2022,2.85,3.15,2.85,2.85,300.0,855.0
31/01/2022,2.85,3.15,2.85,2.85,1705.0,4859.25
01/02/2022,2.85,3.15,2.85,2.85,,
02/02/2022,2.85,3.15,2.85,2.85,,
03/02/2022,2.85,3.15,2.85,2.85,,
04/02/2022,2.85,3.15,2.85,2.85,,
07/02/2022,2.85,3.15,2.58,2.58,1000.0,2580.0
08/02/2022,2.58,3.15,2.58,2.58,5.0,12.9
09/02/2022,2.58,3.15,2.58,2.58,,
10/02/2022,2.58,3.15,2.33,2.33,1500.0,3495.0
11/02/2022,2.33,3.15,2.33,2.33,662.0,1542.46
14/02/2022,2.33,3.15,2.33,2.33,25.0,58.25
15/02/2022,2.33,3.15,2.33,2.33,,
16/02/2022,2.33,3.15,2.33,2.33,,
17/02/2022,2.33,3.15,2.33,2.33,250.0,582.5
18/02/2022,2.33,3.15,2.15,2.15,16798.0,36111.36
21/02/2022,2.15,3.15,2.1,2.1,2322.0,4876.2
22/02/2022,2.1,3.15,2.02,2.02,47920.0,96840.0
23/02/2022,2.02,3.15,2.02,2.02,100.0,200.0
24/02/2022,2.02,3.15,2.02,2.02,9.0,18.0
25/02/2022,2.02,3.15,2.0,2.0,12128.0,24256.0
28/02/2022,2.0,3.15,2.0,2.0,2167.0,4334.0
01/03/2022,2.0,3.15,2.0,2.0,,
02/03/2022,2.0,3.15,2.0,2.0,2000.0,4000.0
03/03/2022,2.0,3.15,2.0,2.0,1911.0,3822.0
04/03/2022,2.0,3.15,1.9,1.9,4517.0,8587.3
08/03/2022,1.9,3.15,1.9,1.9,22.0,41.8
09/03/2022,1.9,3.15,1.9,1.9,175.0,332.5
10/03/2022,1.9,3.15,1.9,1.9,13200.0,25080.0
11/03/2022,1.9,3.15,1.9,1.9,132846.0,252407.4
14/03/2022,1.9,3.15,1.9,1.9,434573.0,825688.7
15/03/2022,1.9,3.15,1.9,1.9,492.0,934.8
16/03/2022,1.9,3.15,1.9,1.9,,
17/03/2022,1.9,3.15,1.9,1.9,,
18/03/2022,1.9,3.15,1.9,1.9,9502.0,18053.8
21/03/2022,1.9,3.15,1.9,1.9,,
22/03/2022,1.9,3.15,1.9,1.9,,
23/03/2022,1.9,3.15,1.9,2.09,1000.0,2090.0
24/03/2022,2.09,3.15,1.9,2.09,,
25/03/2022,2.09,3.15,1.9,2.09,,
28/03/2022,2.09,3.15,1.9,2.09,,
29/03/2022,2.09,3.15,1.9,2.09,,
30/03/2022,2.09,3.15,1.9,2.09,,
31/03/2022,2.09,3.15,1.9,2.09,800.0,1672.0
01/04/2022,2.09,3.15,1.9,2.09,,
04/04/2022,2.09,3.15,1.9,2.09,,
05/04/2022,2.09,3.15,1.9,2.09,11525.0,24087.25
06/04/2022,2.09,3.15,1.9,2.09,,
07/04/2022,2.09,3.15,1.9,2.09,250.0,522.5
08/04/2022,2.09,3.15,1.9,2.09,,
11/04/2022,2.09,3.15,1.9,2.29,1250.0,2862.5
12/04/2022,2.29,3.15,1.9,2.29,,
13/04/2022,2.29,3.15,1.9,2.29,,
14/04/2022,2.29,3.15,1.9,2.29,1919.0,4394.51
19/04/2022,2.29,3.15,1.9,2.29,130.0,297.7
20/04/2022,2.29,3.15,1.9,2.29,,
21/04/2022,2.29,3.15,1.9,2.29,,
22/04/2022,2.29,3.15,1.9,2.29,,
25/04/2022,2.29,3.15,1.9,2.29,,
26/04/2022,2.29,3.15,1.9,2.29,,
27/04/2022,2.29,3.15,1.9,2.29,750.0,1725.0
28/04/2022,2.29,3.15,1.9,2.29,,
29/04/2022,2.29,3.15,1.9,2.29,,
04/05/2022,2.29,3.15,1.9,2.29,,
05/05/2022,2.29,3.15,1.9,2.29,,
06/05/2022,2.29,3.15,1.9,2.29,,
09/05/2022,2.29,3.15,1.9,2.29,,
10/05/2022,2.29,3.15,1.9,2.29,,
11/05/2022,2.29,3.15,1.9,2.29,,
12/05/2022,2.29,3.15,1.9,2.29,,
13/05/2022,2.29,3.15,1.9,2.29,,
16/05/2022,2.29,3.15,1.9,2.29,,
17/05/2022,2.29,3.15,1.9,2.29,2.0,4.6
18/05/2022,2.29,3.15,1.9,2.29,,
19/05/2022,2.29,3.15,1.9,2.29,,
20/05/2022,2.29,3.15,1.9,2.29,,
23/05/2022,2.29,3.15,1.9,2.29,,
24/05/2022,2.29,3.15,1.9,2.29,,
25/05/2022,2.29,3.15,1.9,2.29,,
26/05/2022,2.29,3.15,1.9,2.29,,
27/05/2022,2.29,3.15,1.9,2.29,,
30/05/2022,2.29,3.15,1.9,2.29,300.0,720.0
31/05/2022,2.29,3.15,1.9,2.29,,
01/06/2022,2.29,3.15,1.9,2.29,,
02/06/2022,2.29,3.15,1.9,2.29,,
03/06/2022,2.29,3.15,1.9,2.29,,
06/06/2022,2.29,3.15,1.9,2.29,,
07/06/2022,2.29,3.15,1.9,2.29,800.0,2000.0
08/06/2022,2.29,3.15,1.9,2.29,,
09/06/2022,2.29,3.15,1.9,2.29,,
10/06/2022,2.29,3.15,1.9,2.29,129.0,323.79
13/06/2022,2.29,3.15,1.9,2.29,,
14/06/2022,2.29,3.15,1.9,2.29,,
15/06/2022,2.29,3.15,1.9,2.29,,
16/06/2022,2.29,3.15,1.9,2.29,,
17/06/2022,2.29,3.15,1.9,2.29,,
20/06/2022,2.29,3.15,1.9,2.29,660.0,1656.6
22/06/2022,2.29,3.15,1.9,2.29,,
23/06/2022,2.29,3.15,1.9,2.29,,
24/06/2022,2.29,3.15,1.9,2.29,100.0,251.0
27/06/2022,2.29,3.15,1.9,2.29,,
28/06/2022,2.29,3.15,1.9,2.29,,
29/06/2022,2.29,3.15,1.9,2.29,,
30/06/2022,2.29,3.15,1.9,2.51,1077.0,2703.27
01/07/2022,2.51,3.15,1.9,2.51,,
04/07/2022,2.51,3.15,1.9,2.51,,
05/07/2022,2.51,3.15,1.9,2.51,,
06/07/2022,2.51,3.15,1.9,2.51,,
07/07/2022,2.51,3.15,1.9,2.51,,
08/07/2022,2.51,3.15,1.9,2.51,,
12/07/2022,2.51,3.15,1.9,2.51,,
13/07/2022,2.51,3.15,1.9,2.51,,
14/07/2022,2.51,3.15,1.9,2.51,,
18/07/2022,2.51,3.15,1.9,2.51,,
19/07/2022,2.51,3.15,1.9,2.51,,
20/07/2022,2.51,3.15,1.9,2.51,,
21/07/2022,2.51,3.15,1.9,2.51,,
22/07/2022,2.51,3.15,1.9,2.51,100.0,253.0
25/07/2022,2.51,3.15,1.9,2.51,,
26/07/2022,2.51,3.15,1.9,2.51,,
27/07/2022,2.51,3.15,1.9,2.51,,
28/07/2022,2.51,3.15,1.9,2.53,50000.0,126500.0
29/07/2022,2.53,3.15,1.9,2.55,2686.0,6849.3
01/08/2022,2.55,3.15,1.9,2.75,8805.0,24213.75
02/08/2022,2.75,3.15,1.9,2.78,58469.0,162725.0
03/08/2022,2.78,3.15,1.9,2.9,1000.0,2900.0
05/08/2022,2.9,3.15,1.9,3.0,2000.0,6000.0
08/08/2022,3.0,3.15,1.9,3.0,2750.0,8250.0
09/08/2022,3.0,3.15,1.9,3.0,500.0,1500.0
10/08/2022,3.0,3.15,1.9,3.0,1000.0,3000.0
11/08/2022,3.0,3.15,1.9,3.0,,
12/08/2022,3.0,3.15,1.9,3.0,,
15/08/2022,3.0,3.15,1.9,3.0,,
16/08/2022,3.0,3.15,1.9,3.0,,
17/08/2022,3.0,3.15,1.9,3.0,,
18/08/2022,3.0,3.15,1.9,3.0,,
19/08/2022,3.0,3.3,1.9,3.3,3200.0,10560.0
22/08/2022,3.3,3.3,1.9,3.3,,
23/08/2022,3.3,3.3,1.9,3.3,,
24/08/2022,3.3,3.3,1.9,3.3,100.0,330.0
25/08/2022,3.3,3.3,1.9,3.3,,
26/08/2022,3.3,3.3,1.9,3.3,,
29/08/2022,3.3,3.3,1.9,3.3,,
30/08/2022,3.3,3.63,1.9,3.63,100000.0,363000.0
31/08/2022,3.63,3.63,1.9,3.63,,
01/09/2022,3.63,3.63,1.9,3.63,,
02/09/2022,3.63,3.63,1.9,3.63,,
05/09/2022,3.63,3.63,1.9,3.63,,
06/09/2022,3.63,3.63,1.9,3.63,,
07/09/2022,3.63,3.63,1.9,3.63,,
08/09/2022,3.63,3.63,1.9,3.63,,
09/09/2022,3.63,3.63,1.9,3.63,,
12/09/2022,3.63,3.7,1.9,3.7,2394.0,8857.8
13/09/2022,3.7,3.7,1.9,3.7,,
14/09/2022,3.7,3.7,1.9,3.7,,
15/09/2022,3.7,3.7,1.9,3.7,,
16/09/2022,3.7,3.7,1.9,3.7,,
19/09/2022,3.7,3.7,1.9,3.7,,
20/09/2022,3.7,4.0,1.9,4.0,2000.0,8000.0
22/09/2022,4.0,4.0,1.9,4.0,,
23/09/2022,4.0,4.0,1.9,4.0,,
27/09/2022,4.01,4.01,1.9,4.01,2728.0,10939.28
28/09/2022,4.01,4.01,1.9,4.01,,
29/09/2022,4.01,4.01,1.9,4.01,,
30/09/2022,4.01,4.01,1.9,4.01,298.0,1194.98
03/10/2022,4.01,4.01,1.9,4.01,,
04/10/2022,4.01,4.01,1.9,4.01,,
05/10/2022,4.01,4.01,1.9,4.01,,
06/10/2022,4.01,4.01,1.9,4.01,,
07/10/2022,4.01,4.01,1.9,4.01,,
10/10/2022,4.01,4.01,1.9,4.01,,
11/10/2022,4.01,4.01,1.9,4.01,,
12/10/2022,4.01,4.01,1.9,4.01,,
13/10/2022,4.01,4.01,1.9,4.01,,
14/10/2022,4.01,4.01,1.9,4.01,,
17/10/2022,4.01,4.01,1.9,4.01,,
18/10/2022,4.01,4.01,1.9,4.01,,
19/10/2022,4.01,4.01,1.9,4.01,56.0,224.56
20/10/2022,4.01,4.01,1.9,4.01,,
21/10/2022,4.01,4.01,1.9,4.01,,
24/10/2022,4.01,4.01,1.9,4.01,30.0,120.3
25/10/2022,4.01,4.01,1.9,4.01,5.0,20.05
26/10/2022,4.01,4.01,1.9,4.01,494.0,1980.94
27/10/2022,4.01,4.01,1.9,4.01,,
28/10/2022,4.01,4.01,1.9,4.01,3.0,12.03
28/10/2022,4.01,4.01,1.9,4.01,3.0,12.03
31/10/2022,4.01,4.01,1.9,4.01,,
01/11/2022,4.01,4.01,1.9,4.01,12.0,48.12
02/11/2022,4.01,4.01,1.9,4.01,,
03/11/2022,4.01,4.01,1.9,4.01,48.0,192.48
04/11/2022,4.01,4.01,1.9,4.01,,
07/11/2022,4.01,4.01,1.9,4.01,,
08/11/2022,4.01,4.01,1.9,4.01,2538.0,10177.38
09/11/2022,4.01,4.01,1.9,4.01,5262.0,21100.62
10/11/2022,4.01,4.01,1.9,4.01,,
11/11/2022,4.01,4.01,1.9,4.01,,
14/11/2022,4.01,4.01,1.9,4.01,26.0,104.26
15/11/2022,4.01,4.01,1.9,4.01,,
16/11/2022,4.01,4.01,1.9,4.01,1184.0,4747.84
17/11/2022,4.01,4.01,1.9,4.01,100.0,401.0
18/11/2022,4.01,4.01,1.9,4.01,,
21/11/2022,4.01,4.01,1.9,4.01,,
22/11/2022,4.01,4.01,1.9,4.01,,
23/11/2022,4.01,4.01,1.9,4.01,,
24/11/2022,4.01,4.01,1.9,4.01,,
25/11/2022,4.01,4.01,1.9,4.01,,
28/11/2022,4.01,4.01,1.9,4.01,,
29/11/2022,4.01,4.01,1.9,4.01,,
30/11/2022,4.01,4.01,1.9,4.01,,
01/12/2022,4.01,4.01,1.9,4.01,,
05/12/2022,4.01,4.01,1.9,4.01,716.0,2871.16
06/12/2022,4.01,4.01,1.9,4.01,,
07/12/2022,4.01,4.01,1.9,4.01,1097.0,4398.97
08/12/2022,4.01,4.01,1.9,4.01,,
09/12/2022,4.01,4.01,1.9,4.01,,
12/12/2022,4.01,4.01,1.9,4.01,12.0,48.12
13/12/2022,4.01,4.01,1.9,4.01,,
14/12/2022,4.01,4.01,1.9,4.01,10.0,40.0
15/12/2022,4.01,4.01,1.9,4.01,52.0,208.0
16/12/2022,4.01,4.01,1.9,4.01,105.0,420.0
19/12/2022,4.01,4.01,1.9,4.01,10.0,40.0
20/12/2022,4.01,4.01,1.9,4.01,49.0,196.0
21/12/2022,4.01,4.01,1.9,4.01,80.0,320.0
22/12/2022,4.01,4.01,1.9,4.01,2.0,8.02
23/12/2022,4.01,4.01,1.9,4.01,,
28/12/2022,4.01,4.01,1.9,4.01,35.0,140.35
29/12/2022,4.01,4.01,1.9,4.01,41.0,164.41
30/12/2022,4.01,4.01,1.9,4.01,50.0,200.5
03/01/2023,4.01,4.01,4.01,4.01,,
04/01/2023,4.01,4.01,4.01,4.01,12.0,48.12
05/01/2023,4.01,4.01,4.01,4.01,,
06/01/2023,4.01,4.01,4.01,4.01,16.0,64.16
10/01/2023,4.01,4.01,4.01,4.01,11.0,44.11
11/01/2023,4.01,4.01,4.01,4.01,5.0,20.05
12/01/2023,4.01,4.01,4.01,4.01,60.0,240.6
13/01/2023,4.01,4.01,4.01,4.01,53.0,212.53
16/01/2023,4.01,4.01,4.01,4.01,2.0,8.02
17/01/2023,4.01,4.01,4.01,4.01,,
18/01/2023,4.01,4.01,4.01,4.01,,
19/01/2023,4.01,4.01,4.01,4.01,,
20/01/2023,4.01,4.01,4.01,4.01,2.0,8.02
23/01/2023,4.01,4.01,4.01,4.01,,
24/01/2023,4.01,4.01,4.01,4.01,19.0,76.19
26/01/2023,4.01,4.01,4.01,4.01,,
27/01/2023,4.01,4.01,4.01,4.01,,
30/01/2023,4.01,4.01,4.01,4.01,92.0,368.92
31/01/2023,4.01,4.01,4.01,4.01,2.0,8.02
01/02/2023,4.01,4.01,4.01,4.01,,
03/02/2023,4.01,4.01,4.01,4.01,50.0,200.5
06/02/2023,4.01,4.01,4.01,4.01,5.0,20.05
07/02/2023,4.01,4.01,4.01,4.01,5.0,20.05
08/02/2023,4.01,4.01,4.01,4.01,5.0,20.05
09/02/2023,4.01,4.01,4.01,4.01,5.0,20.05
10/02/2023,4.01,4.01,4.01,4.01,11.0,44.11
13/02/2023,4.01,4.01,4.01,4.01,,
14/02/2023,4.01,4.01,4.01,4.01,,
15/02/2023,4.01,4.01,4.01,4.01,,
16/02/2023,4.01,4.01,4.0,4.0,20000.0,80000.0
17/02/2023,4.0,4.01,4.0,4.0,3.0,12.0
20/02/2023,4.0,4.01,4.0,4.0,,
21/02/2023,4.0,4.01,4.0,4.0,,
22/02/2023,4.0,4.01,4.0,4.0,,
23/02/2023,4.0,4.01,4.0,4.0,,
24/02/2023,4.0,4.01,4.0,4.0,,
27/02/2023,4.0,4.01,4.0,4.0,2.0,8.0
28/02/2023,4.0,4.01,4.0,4.0,,
01/03/2023,4.0,4.01,4.0,4.0,1.0,4.0
02/03/2023,4.0,4.01,4.0,4.0,,
03/03/2023,4.0,4.01,4.0,4.0,151.0,604.0
07/03/2023,4.0,4.01,4.0,4.0,,
08/03/2023,4.0,4.01,4.0,4.0,36.0,144.0
09/03/2023,4.0,4.01,4.0,4.0,10.0,40.0
10/03/2023,4.0,4.01,4.0,4.0,1.0,4.0
13/03/2023,4.0,4.01,4.0,4.0,,
14/03/2023,4.0,4.01,4.0,4.0,4.0,16.0
15/03/2023,4.0,4.01,4.0,4.0,5.0,20.0
16/03/2023,4.0,4.01,4.0,4.0,,
17/03/2023,4.0,4.01,4.0,4.0,,
20/03/2023,4.0,4.01,4.0,4.0,62.0,248.0
21/03/2023,4.0,4.01,4.0,4.0,,
22/03/2023,4.0,4.01,4.0,4.0,200.0,800.0
23/03/2023,4.0,4.01,4.0,4.0,,
24/03/2023,4.0,4.01,4.0,4.0,,
27/03/2023,4.0,4.01,4.0,4.0,,
28/03/2023,4.0,4.01,4.0,4.0,101.0,404.0
29/03/2023,4.0,4.01,4.0,4.0,,
30/03/2023,4.0,4.01,4.0,4.0,,
31/03/2023,4.0,4.01,4.0,4.0,,
03/04/2023,4.0,4.01,4.0,4.0,2070.0,8280.0
04/04/2023,4.0,4.01,4.0,4.0,35.0,140.0
05/04/2023,4.0,4.01,4.0,4.0,51.0,204.0
05/04/2023,4.0,4.01,4.0,4.0,51.0,204.0
06/04/2023,4.0,4.01,4.0,4.0,5.0,20.0
11/04/2023,4.0,4.01,4.0,4.0,2.0,8.0
12/04/2023,4.0,4.01,4.0,4.0,2.0,8.0
13/04/2023,4.0,4.01,4.0,4.0,,
14/04/2023,4.0,4.01,4.0,4.0,3.0,12.0
17/04/2023,4.0,4.01,4.0,4.0,7494.0,29976.0
18/04/2023,4.0,4.01,4.0,4.0,100.0,400.0
19/04/2023,4.0,4.01,4.0,4.0,5.0,20.0
20/04/2023,4.0,4.01,4.0,4.0,79.0,315.21
21/04/2023,4.0,4.01,4.0,4.0,,
25/04/2023,4.0,4.01,4.0,4.0,104.0,414.96
26/04/2023,4.0,4.01,4.0,4.0,,
27/04/2023,4.0,4.01,4.0,4.0,,
28/04/2023,4.0,4.01,4.0,4.0,,
02/05/2023,4.0,4.01,4.0,4.0,92.0,367.08
03/05/2023,4.0,4.01,4.0,4.0,2.0,7.98
04/05/2023,4.0,4.01,4.0,4.0,2.0,7.98
05/05/2023,4.0,4.01,4.0,4.0,,
08/05/2023,4.0,4.01,4.0,4.0,45.0,179.55
09/05/2023,4.0,4.01,4.0,4.0,5.0,19.95
10/05/2023,4.0,4.01,4.0,4.0,,
11/05/2023,4.0,4.01,4.0,4.0,,
12/05/2023,4.0,4.01,4.0,4.0,65.0,259.35
15/05/2023,4.0,4.01,4.0,4.0,,
16/05/2023,4.0,4.01,4.0,4.0,20.0,79.8
17/05/2023,4.0,4.01,4.0,4.0,101.0,402.99
18/05/2023,4.0,4.01,4.0,4.0,,
19/05/2023,4.0,4.01,4.0,4.0,100.0,399.0
22/05/2023,4.0,4.01,4.0,4.0,,
23/05/2023,4.0,4.01,4.0,4.0,2.0,7.98
24/05/2023,4.0,4.01,4.0,4.0,51.0,203.49
25/05/2023,4.0,4.01,4.0,4.0,,
26/05/2023,4.0,4.01,4.0,4.0,10.0,39.9
29/05/2023,4.0,4.01,4.0,4.0,28.0,111.72
30/05/2023,4.0,4.01,4.0,4.0,12.0,47.88
31/05/2023,4.0,4.01,4.0,4.0,,
01/06/2023,4.0,4.01,4.0,4.0,,
02/06/2023,4.0,4.01,4.0,4.0,1.0,3.99
05/06/2023,4.0,4.01,4.0,4.0,2.0,7.98
07/06/2023,4.0,4.01,4.0,4.0,1.0,3.99
08/06/2023,4.0,4.01,4.0,4.0,3.0,11.97
09/06/2023,4.0,4.01,4.0,4.0,5.0,19.95
12/06/2023,4.0,4.01,4.0,4.0,2.0,7.98
13/06/2023,4.0,4.01,4.0,4.0,11.0,43.89
14/06/2023,4.0,4.01,4.0,4.0,11.0,43.89
15/06/2023,4.0,4.01,4.0,4.0,13.0,51.87
16/06/2023,4.0,4.01,4.0,4.0,,
19/06/2023,4.0,4.01,4.0,4.0,37.0,147.63
20/06/2023,4.0,4.01,4.0,4.0,,
21/06/2023,4.0,4.01,4.0,4.0,,
22/06/2023,4.0,4.01,3.98,3.98,5489.0,21847.5
23/06/2023,3.98,4.01,3.97,3.97,1893.0,7516.64
26/06/2023,3.97,4.01,3.97,3.97,5.0,19.85
27/06/2023,3.97,4.01,3.97,3.97,9.0,35.73
29/06/2023,3.97,4.01,3.8,3.8,10013.0,38049.74
30/06/2023,3.8,4.01,3.8,3.8,2.0,7.6
03/07/2023,3.8,4.01,3.8,3.8,14.0,53.2
04/07/2023,3.8,4.01,3.8,3.8,5.0,19.0
05/07/2023,3.8,4.01,3.7,3.7,5000.0,18500.0
06/07/2023,3.7,4.01,3.6,3.6,5021.0,18077.2
07/07/2023,3.6,4.01,3.6,3.6,180.0,648.0
10/07/2023,3.6,4.01,3.6,3.6,7.0,25.2
11/07/2023,3.6,4.01,3.5,3.5,3010.0,10535.1
12/07/2023,3.5,4.01,3.5,3.5,,
13/07/2023,3.5,4.01,3.4,3.4,7205.0,24497.0
14/07/2023,3.4,4.01,3.35,3.35,5015.0,16801.0
17/07/2023,3.35,4.01,3.35,3.35,,
18/07/2023,3.35,4.01,3.3,3.3,2500.0,8250.0
19/07/2023,3.3,4.01,3.3,3.3,,
20/07/2023,3.3,4.01,3.28,3.28,32502.0,106718.0
21/07/2023,3.28,4.01,3.28,3.28,,
24/07/2023,3.28,4.01,3.28,3.28,,
25/07/2023,3.28,4.01,3.28,3.28,73.0,239.44
26/07/2023,3.28,4.01,3.28,3.28,2.0,6.56
27/07/2023,3.28,4.01,3.28,3.28,1.0,3.28
28/07/2023,3.28,4.01,3.28,3.28,10.0,32.8
31/07/2023,3.28,4.01,3.28,3.28,,
01/08/2023,3.28,4.01,3.28,3.28,4009.0,13149.52
02/08/2023,3.28,4.01,3.28,3.28,,
07/08/2023,3.28,4.01,3.28,3.28,3062.0,10043.36
08/08/2023,3.28,4.01,3.28,3.28,8.0,26.24
09/08/2023,3.28,4.01,3.28,3.28,5471.0,17944.88
10/08/2023,3.28,4.01,3.28,3.28,400.0,1312.0
11/08/2023,3.28,4.01,3.0,3.0,50000.0,150000.0
15/08/2023,3.0,4.01,3.0,3.0,70.0,210.0
16/08/2023,3.0,4.01,3.0,3.0,454.0,1362.0
18/08/2023,3.0,4.01,3.0,3.0,12.0,36.0
21/08/2023,3.0,4.01,3.0,3.0,,
22/08/2023,3.0,4.01,3.0,3.0,217.0,651.0
23/08/2023,3.0,4.01,3.0,3.0,40.0,120.0
24/08/2023,3.0,4.01,3.0,3.0,55.0,165.0
25/08/2023,3.0,4.01,2.82,2.82,32596.0,92070.8
28/08/2023,2.82,4.01,2.82,2.82,,
29/08/2023,2.82,4.01,2.82,2.82,,
30/08/2023,2.82,4.01,2.82,2.82,,
01/09/2023,2.82,4.01,2.82,2.82,,
04/09/2023,2.82,4.01,2.82,2.82,,
05/09/2023,2.82,4.01,2.82,2.82,100.0,310.0
06/09/2023,2.82,4.01,2.82,2.82,,
07/09/2023,2.82,4.01,2.82,2.82,,
08/09/2023,2.82,4.01,2.82,2.82,,
11/09/2023,2.82,4.01,2.82,2.82,,
12/09/2023,2.82,4.01,2.82,2.82,,
13/09/2023,2.82,4.01,2.82,2.82,87.0,269.7
14/09/2023,2.82,4.01,2.82,3.1,34871.0,108100.1
15/09/2023,3.1,4.01,2.82,3.1,,
18/09/2023,3.1,4.01,2.82,3.1,,
19/09/2023,3.1,4.01,2.82,3.1,23861.0,73969.1
20/09/2023,3.1,4.01,2.82,3.1,,
22/09/2023,3.1,4.01,2.82,3.1,2.0,6.2
25/09/2023,3.1,4.01,2.82,3.1,3479.0,10784.9
26/09/2023,3.1,4.01,2.82,3.1,,
27/09/2023,3.1,4.01,2.82,3.1,,
28/09/2023,3.1,4.01,2.82,3.1,1340.0,4154.0
29/09/2023,3.1,4.01,2.82,3.1,,
02/10/2023,3.1,4.01,2.82,3.1,,
03/10/2023,3.1,4.01,2.82,3.1,,
04/10/2023,3.1,4.01,2.82,3.1,,
05/10/2023,3.1,4.01,2.82,3.1,,
06/10/2023,3.1,4.01,2.82,3.1,701.0,2173.1
09/10/2023,3.1,4.01,2.82,3.1,200.0,620.0
10/10/2023,3.1,4.01,2.82,3.4,2768.0,9411.2
11/10/2023,3.4,4.01,2.82,3.4,,
12/10/2023,3.4,4.01,2.82,3.4,,
13/10/2023,3.4,4.01,2.82,3.4,8.0,27.2
16/10/2023,3.4,4.01,2.82,3.4,,
17/10/2023,3.4,4.01,2.82,3.4,,
18/10/2023,3.4,4.01,2.82,3.4,481.0,1635.4
19/10/2023,3.4,4.01,2.82,3.4,,
20/10/2023,3.4,4.01,2.82,3.4,,
23/10/2023,3.4,4.01,2.82,3.4,17837.0,60645.8
24/10/2023,3.4,4.01,2.82,3.4,350.0,1190.0
25/10/2023,3.4,4.01,2.82,3.4,95.0,323.0
26/10/2023,3.4,4.01,2.82,3.4,,
27/10/2023,3.4,4.01,2.82,3.4,,
30/10/2023,3.4,4.01,2.82,3.4,,
31/10/2023,3.4,4.01,2.82,3.4,,
01/11/2023,3.4,4.01,2.82,3.4,,
02/11/2023,3.4,4.01,2.82,3.4,20423.0,69438.2
03/11/2023,3.4,4.01,2.82,3.4,76.0,258.4
06/11/2023,3.4,4.01,2.82,3.4,5005.0,17017.0
07/11/2023,3.4,4.01,2.82,3.4,33.0,112.2
08/11/2023,3.4,4.01,2.82,3.4,1059.0,3808.2
09/11/2023,3.4,4.01,2.82,3.4,10071.0,34241.4
10/11/2023,3.4,4.01,2.82,3.4,,
13/11/2023,3.4,4.01,2.82,3.4,5419.0,18424.6
14/11/2023,3.4,4.01,2.82,3.4,100.0,340.0
15/11/2023,3.4,4.01,2.82,3.4,40.0,136.0
16/11/2023,3.4,4.01,2.82,3.4,3.0,10.2
17/11/2023,3.4,4.01,2.82,3.4,5107.0,17363.8
20/11/2023,3.4,4.01,2.82,3.4,,
21/11/2023,3.4,4.01,2.82,3.4,,
22/11/2023,3.4,4.01,2.82,3.4,,
23/11/2023,3.4,4.01,2.82,3.4,,
24/11/2023,3.4,4.01,2.82,3.4,,
27/11/2023,3.4,4.01,2.82,3.4,1086.0,3692.4
28/11/2023,3.4,4.01,2.82,3.4,,
29/11/2023,3.4,4.01,2.82,3.4,,
30/11/2023,3.4,4.01,2.82,3.4,,
04/12/2023,3.4,4.01,2.82,3.4,,
05/12/2023,3.4,4.01,2.82,3.4,,
06/12/2023,3.4,4.01,2.82,3.4,100.0,340.0
07/12/2023,3.4,4.01,2.82,3.4,7049.0,23966.6
08/12/2023,3.4,4.01,2.82,3.4,,
11/12/2023,3.4,4.01,2.82,3.4,300.0,1020.0
12/12/2023,3.4,4.01,2.82,3.4,202.0,686.8
13/12/2023,3.4,4.01,2.82,3.4,6503.0,22110.2
14/12/2023,3.4,4.01,2.82,3.4,2058.0,6997.2
15/12/2023,3.4,4.01,2.82,3.4,9701.0,32983.4
18/12/2023,3.4,4.01,2.82,3.4,35.0,119.0
19/12/2023,3.4,4.01,2.82,3.4,8071.0,27441.4
20/12/2023,3.4,4.01,2.82,3.4,,
21/12/2023,3.4,4.01,2.82,3.4,10356.0,35210.4
22/12/2023,3.4,4.01,2.82,3.4,,
27/12/2023,3.4,4.01,2.82,3.4,,
28/12/2023,3.4,4.01,2.82,3.4,,
29/12/2023,3.4,4.01,2.82,3.4,,
02/01/2024,3.4,3.4,3.4,3.4,450.0,1530.0
03/01/2024,3.4,3.4,3.4,3.4,2500.0,8500.0
04/01/2024,3.4,3.4,3.4,3.4,100.0,340.0
05/01/2024,3.4,3.4,3.4,3.4,,
10/01/2024,3.4,3.4,3.4,3.4,4410.0,14994.0
11/01/2024,3.4,3.4,3.4,3.4,,
12/01/2024,3.4,3.4,3.4,3.4,1.0,3.4
15/01/2024,3.4,3.4,3.4,3.4,1102.0,3746.8
16/01/2024,3.4,3.4,3.4,3.4,359.0,1220.6
17/01/2024,3.4,3.7,3.7,3.7,1000.0,3700.0
18/01/2024,3.7,3.7,3.7,3.7,95.0,351.5
19/01/2024,3.7,3.7,3.7,3.7,,
22/01/2024,3.7,3.7,3.7,3.7,50.0,185.0
23/01/2024,3.7,3.7,3.7,3.7,167.0,617.9
24/01/2024,3.7,3.7,3.7,3.7,43.0,159.1
25/01/2024,3.7,3.7,3.7,3.7,408.0,1509.6
26/01/2024,3.7,3.7,3.7,3.7,,
29/01/2024,3.7,3.7,3.7,3.7,1380.0,5106.0
30/01/2024,3.7,3.7,3.7,3.7,,
31/01/2024,3.7,3.7,3.7,3.7,,
01/02/2024,3.7,3.7,3.7,3.7,264.0,976.8
02/02/2024,3.7,3.7,3.7,3.7,300.0,1164.0
05/02/2024,3.7,3.7,3.7,3.7,10.0,37.0
06/02/2024,3.7,3.7,3.7,3.7,,
07/02/2024,3.7,3.7,3.7,3.7,,
08/02/2024,3.7,3.7,3.7,3.7,251.0,928.7
09/02/2024,3.7,3.7,3.7,3.7,,
12/02/2024,3.7,3.7,3.7,3.7,771.0,2855.71
12/02/2024,5.72,5.72,5.2,5.72,,
13/02/2024,3.7,3.7,3.7,3.7,,
14/02/2024,3.7,3.7,3.7,3.7,202.0,747.4
15/02/2024,3.7,3.7,3.7,3.7,,
16/02/2024,3.7,3.7,3.7,3.7,,
19/02/2024,3.7,4.05,3.7,4.05,1000.0,4050.0
20/02/2024,4.05,4.05,3.7,4.05,185.0,749.25
21/02/2024,4.05,4.05,3.7,4.05,25.0,101.25
22/02/2024,4.05,4.05,3.7,4.05,,
23/02/2024,4.05,4.05,3.7,4.05,2.0,8.1
26/02/2024,4.05,4.05,3.4,4.05,,
27/02/2024,4.05,4.05,3.4,4.05,250.0,1012.5
28/02/2024,4.05,4.05,3.4,4.05,79.0,319.95
29/02/2024,4.05,4.05,3.4,4.05,38703.0,156747.15
01/03/2024,4.05,4.05,3.4,4.05,1297.0,5252.85
04/03/2024,4.05,4.05,3.4,4.05,1.0,4.05
05/03/2024,4.05,4.05,3.4,4.05,2.0,8.1
07/03/2024,4.05,4.05,3.4,4.05,,
08/03/2024,4.05,4.05,3.4,4.05,,
11/03/2024,4.05,4.05,3.4,4.05,3230.0,13081.5
12/03/2024,4.05,4.05,3.4,4.05,1770.0,7168.5
13/03/2024,4.05,4.05,3.4,4.05,,
14/03/2024,4.05,4.05,3.4,4.05,222.0,899.1
15/03/2024,4.05,4.05,3.4,4.05,1.0,4.05
18/03/2024,4.05,4.05,3.4,4.05,,
19/03/2024,4.05,4.05,3.4,4.05,,
20/03/2024,4.05,4.05,3.4,4.05,,
21/03/2024,4.05,4.05,3.4,4.05,2.0,8.1
22/03/2024,4.05,4.05,3.4,4.05,17.0,68.85
25/03/2024,4.05,4.05,3.4,4.05,,
26/03/2024,4.05,4.05,3.4,4.05,,
27/03/2024,4.05,4.45,3.4,4.45,5499.0,24270.55
28/03/2024,4.45,4.45,3.4,4.45,,
02/04/2024,4.45,4.45,3.4,4.45,1453.0,6465.85
03/04/2024,4.45,4.45,3.4,4.45,,
04/04/2024,4.45,4.45,3.4,4.45,,
05/04/2024,4.45,4.45,3.4,4.45,1.0,4.45
08/04/2024,4.45,4.45,3.4,4.45,,
09/04/2024,4.45,4.45,3.4,4.45,,
10/04/2024,4.45,4.45,3.4,4.45,,
12/04/2024,4.45,4.45,3.4,4.45,,
15/04/2024,4.45,4.8,3.4,4.8,17000.0,81600.0
16/04/2024,4.8,4.8,3.4,4.8,4731.0,22708.8
17/04/2024,4.8,4.8,3.4,4.8,,
18/04/2024,4.8,4.8,3.4,4.8,,
19/04/2024,4.8,4.8,3.4,4.8,73.0,350.4
22/04/2024,4.8,4.8,3.4,4.8,,
23/04/2024,4.8,4.8,3.4,4.8,40.0,192.0
24/04/2024,4.8,4.8,3.4,4.8,450.0,2160.0
25/04/2024,4.8,4.8,3.4,4.8,1.0,4.8
26/04/2024,4.8,4.8,3.4,4.8,716.0,3436.8
29/04/2024,4.8,4.8,3.4,4.8,100.0,480.0
30/04/2024,4.8,4.8,3.4,4.8,,
02/05/2024,4.8,4.8,3.4,4.8,95.0,456.0
03/05/2024,4.8,4.8,3.4,4.8,1216.0,5836.8
06/05/2024,4.8,4.8,3.4,4.8,68.0,326.4
07/05/2024,4.8,4.8,3.4,4.8,36.0,172.8
08/05/2024,4.8,4.8,3.4,4.8,69.0,331.2
09/05/2024,4.8,4.8,3.4,4.8,77.0,369.6
10/05/2024,4.8,4.8,3.4,4.8,,
13/05/2024,4.8,4.8,3.4,4.8,1031.0,4948.8
14/05/2024,4.8,4.8,3.4,4.8,20.0,96.0
15/05/2024,4.8,4.8,3.4,4.8,24.0,115.2
16/05/2024,4.8,4.8,3.4,4.8,1.0,4.8
17/05/2024,4.8,4.8,3.4,4.8,,
20/05/2024,4.8,4.8,3.4,4.8,41.0,196.8
21/05/2024,4.8,4.8,3.4,4.8,7.0,33.6
22/05/2024,4.8,4.8,3.4,4.8,4734.0,22723.2
23/05/2024,4.8,4.8,3.4,4.8,471.0,2260.8
24/05/2024,4.8,4.8,3.4,4.8,15.0,72.0
27/05/2024,4.8,4.8,3.4,4.8,9.0,43.2
28/05/2024,4.8,4.8,3.4,4.8,2.0,9.6
29/05/2024,4.8,4.8,3.4,4.8,,
30/05/2024,4.8,4.8,3.4,4.8,,
31/05/2024,4.8,4.8,3.4,4.8,,
03/06/2024,4.8,4.8,3.4,4.8,42.0,201.6
04/06/2024,4.8,4.8,3.4,4.8,,
05/06/2024,4.8,4.8,3.4,4.8,250.0,1200.0
06/06/2024,4.8,4.8,3.4,4.8,,
07/06/2024,4.8,4.8,3.4,4.8,,
10/06/2024,4.8,4.8,3.4,4.8,,
11/06/2024,4.8,4.8,3.4,4.8,2.0,9.6
12/06/2024,4.8,4.8,3.4,4.8,,
13/06/2024,4.8,4.8,3.4,4.8,,
14/06/2024,4.8,4.8,3.4,4.8,,
18/06/2024,4.8,4.8,3.4,4.8,,
19/06/2024,4.8,4.8,3.4,4.8,,
20/06/2024,4.8,4.8,3.4,4.8,,
21/06/2024,4.8,4.8,3.4,4.8,14.0,67.2
24/06/2024,4.8,4.8,3.4,4.8,,
25/06/2024,4.8,4.8,3.4,4.8,,
26/06/2024,4.8,4.8,3.4,4.8,,
27/06/2024,4.8,4.8,3.4,4.8,,
28/06/2024,4.8,4.8,3.4,4.8,100.0,480.0
01/07/2024,4.8,4.8,3.4,4.8,,
01/07/2024,32.38,33.13,20.3,32.38,-278.0,332.27
02/07/2024,4.8,4.8,3.4,4.8,,
03/07/2024,4.8,4.8,3.4,4.8,,
04/07/2024,4.8,4.8,3.4,4.8,,
05/07/2024,4.8,4.8,3.4,4.8,,
08/07/2024,4.8,4.8,3.4,4.8,,
09/07/2024,4.8,4.8,3.4,4.8,,
10/07/2024,4.8,4.8,3.4,4.8,,
11/07/2024,4.8,4.8,3.4,4.8,,
12/07/2024,4.8,4.8,3.4,4.8,14.0,67.2
15/07/2024,4.8,4.8,3.4,4.8,,
16/07/2024,4.8,4.8,3.4,4.8,,
17/07/2024,4.8,4.8,3.4,4.8,,
18/07/2024,4.8,4.8,3.4,4.8,,
19/07/2024,4.8,4.8,3.4,4.8,,
22/07/2024,4.8,4.8,3.4,4.8,,
23/07/2024,4.8,4.8,3.4,4.8,,
24/07/2024,4.8,4.8,3.4,4.8,50.0,240.0
25/07/2024,4.8,4.8,3.4,4.8,,
26/07/2024,4.8,4.8,3.4,4.8,,
29/07/2024,4.8,4.8,3.4,4.8,,
30/07/2024,4.8,4.8,3.4,4.8,,
31/07/2024,4.8,4.8,3.4,4.8,2013.0,9662.4
01/08/2024,4.8,4.8,3.4,4.8,,
02/08/2024,4.8,4.8,3.4,4.8,,
06/08/2024,4.8,4.8,3.4,4.8,50.0,240.0
07/08/2024,4.8,4.8,3.4,4.8,,
08/08/2024,4.8,4.8,3.4,4.8,2004.0,9619.2
09/08/2024,4.8,4.8,3.4,4.8,,
12/08/2024,4.8,4.8,3.4,4.8,4.0,19.2
13/08/2024,4.8,4.8,3.4,4.8,,
14/08/2024,4.8,4.8,3.4,4.8,50.0,240.0
15/08/2024,4.8,4.8,3.4,4.8,,
16/08/2024,4.8,4.8,3.4,4.8,,
19/08/2024,4.8,4.8,3.4,4.8,,
20/08/2024,4.8,4.8,3.4,4.8,,
21/08/2024,4.8,4.8,3.4,4.8,,
22/08/2024,4.8,4.8,3.4,4.8,,
23/08/2024,4.8,4.8,3.4,4.8,,
26/08/2024,4.8,4.8,3.4,4.8,,
27/08/2024,4.8,4.8,3.4,4.8,9.0,43.2
28/08/2024,4.8,4.8,3.4,4.8,,
29/08/2024,4.8,4.8,3.4,4.8,,
30/08/2024,4.8,4.8,3.4,4.8,,
02/09/2024,4.8,4.8,3.4,4.8,100.0,480.0
03/09/2024,4.8,4.8,3.4,4.8,80.0,384.0
04/09/2024,4.8,4.8,3.4,4.8,,
05/09/2024,4.8,4.8,3.4,4.8,200.0,960.0
06/09/2024,4.8,4.8,3.4,4.8,26088.0,125222.4
09/09/2024,4.8,4.8,3.4,4.8,332.0,1593.6
10/09/2024,4.8,4.8,3.4,4.8,299.0,1435.2
11/09/2024,4.8,4.8,3.4,4.8,110155.0,528744.0
12/09/2024,4.8,4.8,3.4,4.8,25137.0,120657.6
13/09/2024,4.8,4.8,3.4,4.8,10.0,48.0
16/09/2024,4.8,4.8,3.4,4.8,78.0,374.4
17/09/2024,4.8,4.8,3.4,4.8,45.0,216.0
18/09/2024,4.8,4.8,3.4,4.8,75.0,360.0
19/09/2024,4.8,4.8,3.4,4.8,126.0,604.8
20/09/2024,4.8,4.8,3.4,4.8,,
24/09/2024,4.8,4.8,3.4,4.8,173.0,830.4
24/09/2024,16.35,16.4,5.2,16.35,2052.0,33545.2
25/09/2024,4.8,4.8,3.4,4.8,10.0,48.0
26/09/2024,4.8,4.8,3.4,4.8,31.0,148.8
27/09/2024,4.8,4.8,3.4,4.32,1344.0,5806.08
30/09/2024,4.32,4.8,3.4,4.32,237443.0,1025753.76
01/10/2024,4.32,4.8,3.4,4.32,10066.0,43485.12
02/10/2024,4.32,4.8,3.4,4.32,291.0,1257.12
03/10/2024,4.32,4.8,3.4,4.32,103.0,444.96
04/10/2024,4.32,4.8,3.4,4.32,,
07/10/2024,4.32,4.8,3.4,4.32,53.0,228.96
08/10/2024,4.32,4.8,3.4,4.32,73783.0,318742.56
09/10/2024,4.32,4.8,3.4,4.32,,
10/10/2024,4.32,4.8,3.4,4.32,15.0,64.8
11/10/2024,4.32,4.8,3.4,4.32,,
14/10/2024,4.32,4.8,3.4,4.32,1000.0,4320.0
15/10/2024,4.32,4.8,3.4,4.32,,
16/10/2024,4.32,4.8,3.4,4.32,,
17/10/2024,4.32,4.8,3.4,4.32,,
18/10/2024,4.32,4.8,3.4,4.32,30.0,129.6
21/10/2024,4.32,4.8,3.4,4.32,,
22/10/2024,4.32,4.8,3.4,4.32,44.0,190.08
23/10/2024,4.32,4.8,3.4,4.32,,
24/10/2024,4.32,4.8,3.4,4.32,,
25/10/2024,4.32,4.8,3.4,4.32,,
28/10/2024,4.32,4.8,3.4,4.32,,
29/10/2024,4.32,4.8,3.4,4.32,,
30/10/2024,4.32,4.8,3.4,4.32,,
31/10/2024,4.32,4.8,3.4,4.32,,
01/11/2024,4.32,4.8,3.4,4.32,,
04/11/2024,4.32,4.8,3.4,4.32,,
05/11/2024,4.32,4.8,3.4,4.32,2.0,8.64
06/11/2024,4.32,4.8,3.4,4.32,,
07/11/2024,4.32,4.8,3.4,4.32,5.0,21.6
08/11/2024,4.32,4.8,3.4,4.75,1000.0,4750.0
11/11/2024,4.75,4.8,3.4,4.75,,
12/11/2024,4.75,4.8,3.4,4.75,6.0,28.5
13/11/2024,4.75,4.8,3.4,4.75,,
14/11/2024,4.75,4.8,3.4,4.75,,
18/11/2024,4.75,4.8,3.4,4.75,5.0,23.75
19/11/2024,4.75,4.8,3.4,4.75,625.0,2968.75
20/11/2024,4.75,4.8,3.4,4.75,,
21/11/2024,4.75,4.8,3.4,4.75,3000.0,14250.0
22/11/2024,4.75,4.8,3.4,4.75,,
25/11/2024,4.75,4.8,3.4,4.75,,
26/11/2024,4.75,4.8,3.4,4.75,,
27/11/2024,4.75,4.8,3.4,4.75,42.0,199.5
28/11/2024,4.75,4.8,3.4,4.75,,
29/11/2024,4.75,4.8,3.4,4.75,,
02/12/2024,4.75,4.8,3.4,4.75,,
03/12/2024,4.75,4.8,3.4,4.75,,
04/12/2024,4.75,4.8,3.4,4.75,,
05/12/2024,4.75,4.8,3.4,4.75,,
09/12/2024,4.75,4.8,3.4,4.75,2.0,9.5
10/12/2024,4.75,4.8,3.4,4.75,,
11/12/2024,4.75,4.8,3.4,4.75,,
12/12/2024,4.75,4.8,3.4,4.75,100.0,475.0
13/12/2024,4.75,4.8,3.4,4.75,100.0,475.0
16/12/2024,4.75,4.8,3.4,4.75,,
17/12/2024,4.75,4.8,3.4,4.75,,
18/12/2024,4.75,4.8,3.4,4.75,20.0,95.0
19/12/2024,4.75,4.8,3.4,4.75,,
20/12/2024,4.75,4.8,3.4,4.75,,
23/12/2024,4.75,5.2,3.4,5.2,1000.0,5200.0
24/12/2024,5.2,5.2,3.4,5.2,,
27/12/2024,5.2,5.2,3.4,5.2,,
30/12/2024,5.2,5.2,3.4,5.2,7000.0,36400.0
31/12/2024,5.2,5.2,3.4,5.2,,
02/01/2025,5.2,5.2,5.2,5.2,3.0,15.6
03/01/2025,5.2,5.2,5.2,5.2,1.0,5.2
06/01/2025,5.2,5.2,5.2,5.2,256.0,1331.2
08/01/2025,5.2,5.2,5.2,5.2,2.0,10.42
09/01/2025,5.2,5.2,5.2,5.2,,
10/01/2025,5.2,5.2,5.2,5.2,1.0,5.21
13/01/2025,5.2,5.2,5.2,5.2,2.0,10.42
14/01/2025,5.2,5.2,5.2,5.2,,
15/01/2025,5.2,5.2,5.2,5.2,100.0,521.0
16/01/2025,5.2,5.2,5.2,5.2,,
17/01/2025,5.2,5.2,5.2,5.2,,
20/01/2025,5.2,5.2,5.2,5.2,,
21/01/2025,5.2,5.2,5.2,5.2,892.0,4647.32
22/01/2025,5.2,5.2,5.2,5.2,6.0,31.26
23/01/2025,5.2,5.2,5.2,5.2,,
24/01/2025,5.2,5.2,5.2,5.2,,
27/01/2025,5.2,5.72,5.2,5.72,1000.0,5720.0
28/01/2025,5.72,5.72,5.2,5.72,,
29/01/2025,5.72,5.72,5.2,5.72,,
30/01/2025,5.72,5.72,5.2,5.72,,
31/01/2025,5.72,5.72,5.2,5.72,,
03/02/2025,5.72,5.72,5.2,5.72,1.0,5.73
04/02/2025,5.72,5.72,5.2,5.72,,
05/02/2025,5.72,5.72,5.2,5.72,,
06/02/2025,5.72,5.72,5.2,5.72,,
07/02/2025,5.72,5.72,5.2,5.72,,
10/02/2025,5.72,5.72,5.2,5.72,,
11/02/2025,5.72,5.72,5.2,5.72,1000.0,6200.0
12/02/2025,5.72,5.72,5.2,5.72,,
13/02/2025,5.72,5.72,5.2,5.72,9.0,51.75
14/02/2025,5.72,6.2,5.2,6.2,1000.0,6200.0
17/02/2025,6.2,6.2,5.2,6.2,40.0,248.0
18/02/2025,6.2,6.2,5.2,6.2,,
19/02/2025,6.2,6.2,5.2,6.2,,
20/02/2025,6.2,6.2,5.2,6.2,,
21/02/2025,6.2,6.82,5.2,6.82,1000.0,6820.0
24/02/2025,6.82,6.82,5.2,6.82,,
25/02/2025,6.82,6.82,5.2,6.82,3.0,20.46
26/02/2025,6.82,6.82,5.2,6.82,,
27/02/2025,6.82,6.82,5.2,6.82,,
28/02/2025,6.82,6.82,5.2,6.82,,
03/03/2025,6.82,6.82,5.2,6.82,,
04/03/2025,6.82,7.5,5.2,7.5,1000.0,7500.0
05/03/2025,7.5,7.5,5.2,7.5,,
07/03/2025,7.5,7.5,5.2,7.5,,
10/03/2025,7.5,7.5,5.2,7.5,50.0,375.5
11/03/2025,7.5,7.5,5.2,7.5,,
12/03/2025,7.5,7.5,5.2,7.5,,
13/03/2025,7.5,7.5,5.2,7.5,10.0,75.5
14/03/2025,7.5,8.0,5.2,8.0,436386.0,3491088.0
17/03/2025,8.0,8.0,5.2,8.0,,
18/03/2025,8.0,8.25,5.2,8.25,1000.0,8250.0
19/03/2025,8.25,8.25,5.2,8.25,,
20/03/2025,8.25,8.26,5.2,8.26,10613.0,87663.36
21/03/2025,8.26,8.26,5.2,8.26,45874.0,378919.24
24/03/2025,8.26,8.27,5.2,8.27,107129.0,885956.83
25/03/2025,8.27,9.07,5.2,9.07,1000.0,9070.0
26/03/2025,9.07,9.07,5.2,9.07,,
27/03/2025,9.07,9.07,5.2,9.07,,
28/03/2025,9.07,9.07,5.2,9.07,,
02/04/2025,9.07,9.1,5.2,9.1,1400.0,12740.0
03/04/2025,9.1,9.12,5.2,9.12,10212.0,93079.2
04/04/2025,9.12,9.12,5.2,9.12,,
07/04/2025,9.12,9.12,5.2,9.12,53.0,487.6
08/04/2025,9.12,9.12,5.2,9.12,,
09/04/2025,9.12,9.12,5.2,9.12,5.0,46.0
10/04/2025,9.12,9.12,5.2,9.12,,
11/04/2025,9.12,9.12,5.2,9.12,,
14/04/2025,9.12,9.12,5.2,9.12,,
15/04/2025,9.12,9.12,5.2,9.12,,
16/04/2025,9.12,9.12,5.2,9.12,,
17/04/2025,9.12,9.12,5.2,9.12,10.0,92.0
22/04/2025,9.12,9.12,5.2,9.12,,
23/04/2025,9.12,9.12,5.2,9.12,,
24/04/2025,9.12,9.12,5.2,9.12,16.0,147.2
25/04/2025,9.12,9.12,5.2,9.12,,
28/04/2025,9.12,9.12,5.2,9.12,11.0,101.2
29/04/2025,9.12,9.12,5.2,9.12,,
30/04/2025,9.12,9.12,5.2,9.12,100.0,920.0
02/05/2025,9.12,9.12,5.2,9.12,,
05/05/2025,9.12,9.12,5.2,9.12,57.0,524.4
06/05/2025,9.12,9.2,5.2,9.2,1189.0,10938.8
07/05/2025,9.2,9.2,5.2,9.2,,
08/05/2025,9.2,9.2,5.2,9.2,250.0,2300.0
09/05/2025,9.2,9.2,5.2,9.2,,
12/05/2025,9.2,9.2,5.2,9.2,,
13/05/2025,9.2,9.2,5.2,9.2,,
14/05/2025,9.2,9.2,5.2,9.2,,
15/05/2025,9.2,9.2,5.2,9.2,,
16/05/2025,9.2,9.2,5.2,9.2,,
19/05/2025,9.2,9.2,5.2,9.2,30.0,276.0
20/05/2025,9.2,9.2,5.2,9.2,64.0,589.44
21/05/2025,9.2,9.2,5.2,9.2,500.0,4610.0
22/05/2025,9.2,9.2,5.2,9.2,,
23/05/2025,9.2,9.2,5.2,9.2,936.0,8620.56
26/05/2025,9.2,10.12,5.2,10.12,14979.0,151586.57
27/05/2025,9.2,10.12,5.2,10.12,14979.0,151586.57
28/05/2025,10.12,10.12,5.2,10.12,,
29/05/2025,10.12,11.13,5.2,11.13,1000.0,11130.0
30/05/2025,11.13,11.13,5.2,11.13,,
02/06/2025,11.13,12.2,5.2,12.2,2408.0,29377.6
03/06/2025,12.2,13.12,5.2,13.12,1775.0,23058.0
04/06/2025,10.12,11.13,5.2,11.13,1000.0,11130.0
09/06/2025,8.0,8.0,5.2,8.0,,
10/06/2025,13.12,13.12,5.2,13.12,350.0,4592.0
11/06/2025,13.12,13.12,5.2,13.12,25036.0,328486.0
12/06/2025,13.12,13.12,5.2,13.12,,
13/06/2025,13.12,13.12,5.2,13.12,12.0,157.44
16/06/2025,13.12,13.12,5.2,13.12,,
17/06/2025,13.12,13.12,5.2,13.12,,
18/06/2025,13.12,13.12,5.2,13.12,,
19/06/2025,13.12,13.6,5.2,13.6,5005.0,68065.6
20/06/2025,13.6,13.6,5.2,13.6,2.0,27.2
23/06/2025,13.6,13.6,5.2,13.6,,
24/06/2025,13.6,13.6,5.2,13.6,,
25/06/2025,13.6,13.6,5.2,13.6,,
26/06/2025,13.6,13.6,5.2,13.6,2.0,27.2
27/06/2025,13.6,13.6,5.2,13.6,,
30/06/2025,13.6,13.6,5.2,13.6,,
01/07/2025,13.6,13.6,5.2,13.6,,
02/07/2025,13.6,13.6,5.2,13.6,200.0,2720.0
03/07/2025,13.6,14.95,5.2,14.95,6000.0,89700.0
07/07/2025,14.95,16.4,5.2,16.4,1033.0,16935.4
08/07/2025,16.4,16.4,5.2,16.39,12952.0,212304.64
09/07/2025,16.39,16.4,5.2,16.39,100.0,1639.0
10/07/2025,16.39,16.4,5.2,16.39,13500.0,221300.0
11/07/2025,16.39,16.4,5.2,16.39,7121.0,116713.19
14/07/2025,16.39,16.4,5.2,16.39,1526.0,25011.14
15/07/2025,16.39,16.4,5.2,16.39,1050.0,17209.5
16/07/2025,16.39,16.4,5.2,16.39,1178.0,19307.42
17/07/2025,16.39,16.4,5.2,16.39,546.0,8948.94
18/07/2025,16.39,16.4,5.2,16.39,632.0,10358.48
18/07/2025,,173.95,2851.0,,,
21/07/2025,16.39,16.4,5.2,16.39,891.0,14603.49
22/07/2025,16.39,16.4,5.2,16.39,659.0,10801.01
24/07/2025,16.39,16.4,5.2,16.39,420.0,6883.8
25/07/2025,16.39,16.4,5.2,16.39,543.0,8899.77
28/07/2025,16.39,16.4,5.2,16.38,572.0,9370.08
29/07/2025,16.38,16.4,5.2,16.38,2180.0,35708.4
30/07/2025,16.38,16.4,5.2,16.38,2089.0,34217.82
31/07/2025,16.38,16.4,5.2,16.38,364.0,5962.32
01/08/2025,16.38,16.4,5.2,16.38,474.0,7764.12
04/08/2025,16.38,16.4,5.2,16.38,1495.0,24488.1
05/08/2025,16.38,16.4,5.2,16.38,474.0,7764.12
06/08/2025,16.38,16.4,5.2,16.37,752.0,12310.3
07/08/2025,16.37,16.4,5.2,16.37,2375.0,38878.75
08/08/2025,16.37,16.4,5.2,16.37,459.0,7513.83
11/08/2025,16.37,16.4,5.2,16.37,1088.0,17810.56
12/08/2025,16.37,16.4,5.2,16.37,11776.0,192773.12
13/08/2025,16.37,16.4,5.2,16.37,12642.0,206949.54
14/08/2025,16.37,16.4,5.2,16.37,,
15/08/2025,16.37,16.4,5.2,16.37,4711.0,77119.07
18/08/2025,16.39,16.4,5.2,16.39,1526.0,25011.14
19/08/2025,16.37,16.4,5.2,16.37,910.0,14896.7
20/08/2025,16.37,16.4,5.2,16.37,712.0,11655.44
21/08/2025,16.37,16.4,5.2,16.37,803.0,13145.11
22/08/2025,16.37,16.4,5.2,16.37,237.0,3879.69
25/08/2025,16.37,16.4,5.2,16.37,2437.0,39893.15
26/08/2025,16.37,16.4,5.2,16.36,1824.0,29840.64
27/08/2025,16.36,16.4,5.2,16.36,158.0,2584.88
28/08/2025,16.36,16.4,5.2,16.36,255.0,4171.8
29/08/2025,16.36,16.4,5.2,16.36,281.0,4597.16
01/09/2025,16.36,16.4,5.2,16.36,389.0,6364.04
02/09/2025,16.36,16.4,5.2,16.36,806.0,13186.16
03/09/2025,16.36,16.4,5.2,16.36,1212.0,19828.32
04/09/2025,16.36,16.4,5.2,16.36,656.0,10732.16
05/09/2025,16.36,16.4,5.2,16.36,632.0,10339.52
08/09/2025,16.36,16.4,5.2,16.36,175.0,2863.0
09/09/2025,16.36,16.4,5.2,16.36,741.0,12122.76
10/09/2025,16.36,16.4,5.2,16.36,190.0,3108.4
12/09/2025,16.36,16.4,5.2,16.35,2821.0,46123.35
12/09/2025,16.35,16.4,5.2,16.35,1925.0,31473.75
15/09/2025,16.35,16.4,5.2,16.35,645.0,10545.75
16/09/2025,16.35,16.4,5.2,16.35,452.0,7390.2
17/09/2025,16.35,16.4,5.2,16.35,966.0,15794.1
18/09/2025,16.35,16.4,5.2,16.35,380.0,6213.0
19/09/2025,16.35,16.4,5.2,16.35,784.0,12818.4
23/09/2025,16.35,16.4,5.2,16.35,555.0,9074.25
24/09/2025,16.35,16.4,5.2,16.35,16.35,16.35
25/09/2025,16.35,16.4,5.2,16.35,1241.0,20290.35
26/09/2025,16.35,16.4,5.2,16.35,776.0,12687.6
29/09/2025,16.35,16.4,5.2,16.34,9063.0,148089.42
30/09/2025,16.34,16.4,5.2,16.34,692.0,11307.28
30/09/2025,,173.95,2842.3,,,
01/10/2025,16.34,16.4,5.2,16.34,1177.0,19232.18
02/10/2025,16.34,16.4,5.2,16.34,1279.0,20898.86
03/10/2025,16.34,16.4,5.2,16.34,4066.0,66438.44
06/10/2025,16.34,16.4,5.2,16.34,1489.0,24330.26
07/10/2025,16.34,16.4,5.2,16.34,341.0,5571.94
08/10/2025,16.34,16.4,5.2,16.34,2273.0,37140.82
09/10/2025,16.34,16.4,5.2,16.34,1222.0,19967.48
10/10/2025,16.34,16.4,5.2,16.34,1162.0,18987.08
13/10/2025,16.34,16.4,5.2,16.34,940.0,14560.96
14/10/2025,16.34,16.4,5.2,16.25,25479.0,414144.36
15/10/2025,16.25,16.4,5.2,16.25,246.0,3997.5
16/10/2025,16.25,16.4,5.2,16.2,1503.0,24373.75
17/10/2025,16.2,16.4,5.2,16.2,1017.0,16475.4
20/10/2025,16.2,16.4,5.2,16.2,138.0,2235.6
21/10/2025,16.2,16.4,5.2,16.2,691.0,11194.2
22/10/2025,16.2,16.4,5.2,16.2,434.0,7030.8
23/10/2025,16.2,16.4,5.2,16.2,285.0,4617.0
24/10/2025,16.2,16.4,5.2,16.2,806.0,13057.2
27/10/2025,16.2,16.4,5.2,16.2,1241.0,20104.2
28/10/2025,16.2,16.4,5.2,16.2,304.0,4924.8
29/10/2025,16.2,16.4,5.2,16.2,37.0,599.4
30/10/2025,16.2,16.4,5.2,16.2,645.0,10449.0
31/10/2025,16.2,16.4,5.2,16.2,8765.0,141993.0
03/11/2025,16.2,16.4,5.2,16.2,24052.0,389642.4
04/11/2025,16.2,16.4,5.2,16.2,1341.0,21724.2
05/11/2025,16.2,16.4,5.2,16.2,346.0,5601.74
06/11/2025,16.2,16.4,5.2,16.2,150.0,2428.5
07/11/2025,16.2,16.4,5.2,16.19,12246.0,198286.28
